Topic,Count,Name,Representation,Representative_Docs
-1,56474,-1_solidarity_workers_union_strike,"['solidarity', 'workers', 'union', 'strike', 'worker', 'support', 'org', 'teamsters', 'jobs', 'labor']","['Sean Campbell, president of Teamsters Local 813 in NYC:\n\n""In a few short months, black workers have gone from being called heroes for doing essential jobs while exposing ourselves to coronavirus to being arrested for doing those same jobs during curfew, or joining peaceful protests. There’s nothing like a pandemic and police billy clubs to remind a black man where he stands in America.\n\n""I grew up in the Red Hook projects in the 1980s. Police harassment felt normal. At 19, I got a job as a sanitation worker, which was my ticket to the middle class and a lifetime in the labor movement.\n\n""I know what it’s like to be unarmed, shoveling snow in my driveway, and be charged by six officers with their guns drawn. I know what it\'s like to shout “I can’t breathe” as an officer stands on my face.\n\n""I also know what it’s like to be caught \'working while black.\' Once my partner and I were picking up garbage in a neighborhood we worked in every night when we were attacked by a white business owner who was mad we wouldn’t take his trash, even though he wasn’t a customer. We defended ourselves, and when the police arrived, we were the ones who were arrested. My partner was on parole and had to go back to prison...\n\n""It’s not a coincidence that the same group of people who are targeted by police violence also work in low-wage, dangerous jobs; live in overcrowded, polluted communities, and are dying fastest from the coronavirus... \n\n""At a moment when uprisings against racist policing have pushed even a once-in-a-century pandemic off the front page, we must remember that the coronavirus has killed black and Latino New Yorkers, those most likely to work essential jobs, at twice the rate of whites... \n\n""Black workers need an end to racist policing, and we need more protections on the job. Every worker should be provided with masks and other safety equipment.""', 'This powerful piece by Bloomberg examines the difficult road ahead for our working brothers and sisters in Adams County, Ohio. In 2016, Dayton Power & Light announced that it would be shuttering the Stuart and Killen plants in 2018. These plants were the largest employer in Adams County, and with over 380 employees represented by UWUA Local 175, this announcement left little more than a year for hundreds of workers ""to answer the question being asked in other deindustrializing places all over the country: Stay or go?""\n\n""Lee Anderson, director of governmental affairs at the national Utility Workers Union, has spent years trying to get elected officials around the country to grapple with what’s happening in places such as Adams County. But there’s just no political will, he says. There’s support on the left for public investment in struggling areas, but less so, he says, when it comes to communities that are increasingly voting Republican—Adams County among them—and whose decline is linked to fossil fuels. On the right, he says, there’s no appetite for public investment, period. Not to mention that the scale of the challenge is so huge and the potential solutions so expensive.""\n\n""But this doesn’t mean inaction is excusable or that it’s enough to tell people to find work elsewhere, Anderson says. \'The problem here is trying to treat people like interchangeable widgets,\' he says. \'They’re not. They’re human beings embedded in communities. We’re forcing cultural and social change on people, and people don’t like that. They don’t move three states away for a hypothetical job. They want to live where they are because their parents are in the same town, and their grandmother is in the next town, and they go to church there. Just picking people up and relocating them, it doesn’t work like that. And on the flip side, even if it did work out for an individual, consider what you left behind: What is the ramification for your family and community, now that you’re gone for good?\'""', '""The Organizing Committee is the beating heart of our plan to win, which we call the 30-50-70 strategy. \n \nWhen 30% of your coworkers sign union cards, you are ready to go public with your organizing committee.  \n \nThat means an organizing committee made up of autoworkers at your plant publicly telling the world that you are on track to unionize your workplace. We’re going to be loud and proud about our union. \n \nWhen 50% of your coworkers have signed cards, I will personally join you and your coworkers for a big rally in your town so we can show the world that a majority of workers at your plant are willing to fight for your union.  \n \nWhen 70% of you and your coworkers have signed cards and you’ve built a strong organizing committee with representatives from every department, line and shift, we will demand the company recognize your union – or take it to a vote, and win. \n \nJust like our Stand Up Strike, no single company is the target.  \n \nThey’re ALL the target. \n \nAnd just like our Stand Up Strike, they won’t know what’s coming next.""\n\n— #UAW President Shawn Fain\n\n#StandUpUAW #1u']"
0,5818,0_we_our_read_association,"['we', 'our', 'read', 'association', 'staff', 'state', 'support', 'us', 'students', 'education']","['""This is my 11th year as a teacher in Guilford County Schools. I’m grateful that I’ve had the chance to work with a whole range of K-12 students with disabilities.  \n\nOne of the things I really like about being a special education teacher is that you’re teaching students the practical and meaningful skills they need to learn for life. I’m an adaptive curriculum teacher, so I can set up my own pacing guide and really differentiate every lesson based on the students’ needs.\n\nAs a beginning teacher, however, I initially had no idea about advocacy work or the Guilford County Association of Educators (@GCAE4ME). All of that changed when I became aware of how the North Carolina General Assembly was treating public education. For example, we were suddenly told that salary increases for those with a master’s degree would no longer be applied. Not long after, they began combining special education classrooms as part of statewide budget cuts. \n\nAt the time, I got involved in the “Red for Ed\'\' rallies. I used a personal day to attend the march, and after attending I got acquainted with the then-president of the GCAE. He and the other members really taught me how to advocate as a public school educator, and how local elections and local legislators impact our day-to-day lives. Ever since then, I’ve been actively involved in canvassing, organizing efforts, and training sessions. \n\nWe still have a lot of work to do when it comes to supporting our special needs students. Guilford County Schools used to have behavioral specialists and teaching assistants for some of the more difficult classrooms. All those positions are gone, so the management burden is all on the classroom teachers. That’s why it’s so important for all public education staff to be engaged in the political process.  \n\nThe decision makers we elect directly impact the quality of public education. Our working conditions and our students’ learning environments are interconnected. If teachers want to improve them, then we must be engaged in political action.""\n\nJamie Yi, high school special education teacher, Greensboro, NC #NEAMemberMonday\n\nBe sure to share this Member Monday with an outstanding special education teacher you know or tag them in the comments below!', '""The joy that I see is incredible of both teachers and kids saying, I want to be in school with my kids."" — AFT President Randi Weingarten on students and educators returning to in-person learning.', 'Yesterday, the Florida Education Association (FEA) led 15,000 public school supporters at a powerful and historic rally on the state Capitol, demanding more funds for public schools and amplifying the needs of their students. \n\n“This is a ‘which side are you on?’ moment,” AFT President Randi Weingarten said. “It’s time to make public schools the schools our children deserve—and the schools where our educators have the tools and respect they need for our kids to soar.”\n\nRead more:']"
1,4368,1_unionsforall_workers_union_unions,"['unionsforall', 'workers', 'union', 'unions', 'labor', 'worker', 'wages', 'workplaces', 'solidarity', 'work']","[""Support for labor unions has reached 71 percent - the highest level since 1965.\nWhy are unions so popular? Because people see the vast power that corporations hold over us. They know it's wrong and that a powerful, organized labor movement is the only real way to fight back. Stand union proud and union strong, APWU family!"", 'This is what unions do.', 'The union makes us strong. When we stand together, we have power. #1u #UnionStrong']"
2,3776,2_org_legislative_faa_members,"['org', 'legislative', 'faa', 'members', 'convention', 'federal', 'professionalism', 'collaboration', 'funding', 'events']","['NATCA Thanks Transportation Chairman DeFazio for More Than Three Decades of Leadership to Improve Aviation Safety  \n\nWASHINGTON – The National Air Traffic Controllers Association (NATCA) thanks and congratulates Oregon Congressman and House Committee on Transportation and Infrastructure (T&I) Chairman Peter DeFazio, who for more than three decades has been a passionate advocate and fierce champion for aviation safety, transportation labor, and the front-line workers who power the engine that drives our nation’s economy. DeFazio announced Wednesday that he will not seek re-election in 2022.\n\nChairman DeFazio has proudly served his constituents in Oregon’s 4th congressional district since 1987, the same year that NATCA was certified by the National Labor Relations Authority as the exclusive bargaining representative of Federal Aviation Administration (FAA) air traffic controllers. \n\n“The 20,000 aviation safety professionals that NATCA represents owe a tremendous debt of gratitude to Chairman DeFazio, who has had their backs at all times, fighting for them and for the safety of the National Airspace System,” NATCA President Rich Santa said. “Our relationship with him goes back to our earliest days of advocacy. He has always understood the power of the word union and his intense curiosity always led him to seek a deeper understanding of how our members do their jobs and what our most important issues are as we have continued to try and make the system safer and make our members’ lives better.” \n\nIn 2008, NATCA presented DeFazio with the James L. Oberstar Sentinel of Safety Award, which is named for the late Minnesota congressman who served as T&I chairman from 2007 to 2011. It is NATCA’s highest award for those outside the Union and honors aviation leaders who have displayed outstanding achievement in the advancement of aviation safety. DeFazio was honored, in part, because of his unwavering support of NATCA members from 2006-2009 in which the FAA imposed work and pay rules on NATCA’s members. He stood with NATCA and our membership during the fight, and he was also one of the key leaders on legislation to amend Title 49 of the U.S. Code that ultimately provided a fair collective bargaining process for FAA employees.\n\nMost recently, DeFazio fought tirelessly on behalf of NATCA members and all federal employees to speak out against a government shutdown that lasted a record 35 days from Dec. 22, 2018 to Jan. 25, 2019 and degraded aviation safety. He spoke at NATCA’s rally on Capitol Hill on Jan. 10, 2019, stating, “So when are we going to end this damn thing? Today! I am sorry you have to be here. This is ridiculous.”\n\nDeFazio followed that up with swift action, convening a hearing on Feb. 13, 2019 to examine the effects of the shutdown and how it put the safety of U.S. aviation at risk. Later that year, he joined with T&I Aviation Subcommittee Chair Rick Larsen, D-Wash., and Reps. Bob Gibbs, R-Ohio, and Brian Fitzpatrick, R-Pa., in leading the introduction of H.R. 1108, the Aviation Funding Stability Act of 2019, bipartisan legislation that would protect FAA programs and personnel and the U.S. aviation system from the effects of future shutdowns. Earlier this fall, DeFazio led an effort to re-introduce the legislation – now named the Aviation Funding Stability Act of 2021 (H.R. 4042) - in the 117th Congress. NATCA strongly supports the bipartisan bill, which would authorize the FAA to draw from the Airport & Airway Trust Fund for 30 days in the event of a government shutdown, ensuring the system continues to operate safely and efficiently. \n\nDeFazio has spoken several times at NATCA’s legislative advocacy conference, NATCA in Washington. During one notable appearance, he stated, “Our aviation system is the largest, busiest, and safest system in the world. Thank you for your work, keeping millions of passengers safe on a daily basis. Aviation is critical in the U.S.; 12% of the U.S. economy links us to the rest of the world. And if we didn\'t have you as aviation safety professionals doing your jobs efficiently, we wouldn\'t be able to fly.""\n\n“NATCA today expresses that gratitude by saying a heartfelt thank you to the incomparable Chairman DeFazio,” Santa said.', 'NATCA UPDATE: FROM THE DESK OF NATCA PRESIDENT RICH SANTA\n\nThank you for trusting me to serve as NATCA president, a term which I proudly begin today. The last 18 months have been challenging for all of us personally and professionally, and for us collectively as a Union. In a typical year, we would have met for our Biennial Convention, Communicating For Safety, and NATCA in Washington. I would have traveled to many of our facilities to introduce myself and have valuable conversation as part of the campaign. Unfortunately, none of that has been possible due to the pandemic. Therefore, I want to express my sincere gratitude to you here for all the hard work you have done during the pandemic and acknowledge the challenges you’ve faced at home and work during this difficult time.\n\nI have served in many capacities for our Union, from FacRep to national workgroups and regional vice president. I have always tried to expand on our successes and evolve our processes to become more efficient and effective. That said, I recognize that no experience to this point could fully prepare me for the role of NATCA president. I am honored to serve the membership and act as your voice publicly and behind closed doors to improve upon and uphold the rights and benefits we enjoy as NATCA members. And I can promise you this: I will do everything I can to protect your safety and health, your rights at work, and our negotiated benefits, both as we fight this pandemic and as we emerge from it.\n\nI cannot succeed alone. NATCA, like all unions, is only as strong as our solidarity. I look forward to working closely with Andrew LeBovidge as our incoming executive vice president. Together, we will rely on the NATCA National Executive Board, our regional leadership teams, our national committees, NATCA staff, your locally elected leaders, and you, the membership. We cannot do what we need to do without your involvement. I want an opportunity to understand your concerns, represent your needs, and ultimately earn your ongoing support. I will embark on a member engagement campaign. To me, every voice matters. Hearing from NATCA’s members will be vital to continuing to develop new solutions to our common challenges. I want to hear your voice to help achieve those ends.\n\nWhen we talk about our past successes, we must learn from those who helped achieve them. A special thank you to Paul Rinaldi for his historically successful 12 years as NATCA president and three years as executive vice president (EVP), and Trish Gilbert for her 12 years as EVP. Paul and Trish established collaboration with the FAA, built new partnerships with the aviation industry, and made us a powerhouse in organized labor both legislatively and politically. Paul set the tone with his strategic and deliberative style while always maintaining his sights on the big picture.\n\nWhile honoring their service to and recognizing accomplishments on behalf of our great Union, we must continue growing NATCA and look for ways to address the challenges facing our members and the National Airspace System. Together, we will build upon our Union’s recent successes and work to make NATCA even stronger.\n\nAgain, I thank you for your support and your trust. And I repeat my hope that you will bring your ideas forward to improve our Union. Please feel free to send me your thoughts, concerns, and questions to leadership@natca.org.\n\nIn Solidarity,\n\nRich Santa\nPresident\n\nhttps://www.natca.org/2021/09/01/natca-update-from-the-desk-of-natca-president-rich-santa/', ""NATCA remains focused on ensuring our Union’s agenda advances in Congress. In October, NATCA President Rich Santa met with several top Congressional leaders to urge passage of a long-term FAA reauthorization bill to improve staffing and address the ongoing air traffic controller shortage. He also had discussions about a possible government shutdown next month, what this would mean for NATCA members, and the detrimental effects it would have on the National Airspace System.\n\nSanta met with: House Democratic Leader Hakeem Jeffries (N.Y.-8), House Democratic Whip Katherine Clark (Mass.-5), Senator Ben Ray Lujan (N.M.), Senator Gary Peters (Mich.), and Senator Sherrod Brown (Ohio)\n\nCongress has until Nov. 17 to reach an agreement on funding the government. FAA’s authorization expires Dec. 31.\n\n“Ahead of the holidays, I met with NATCA to discuss how to make our aviation system safer and more reliable to get you home safe and on time,” Senator Ben Ray Lujan (N.M.) posted on social media about the meeting. “With government funding set to run out in a month, our air traffic controllers and Federal Aviation Administration are at risk. I'm fighting to support them.”\n\nNATCA leadership, the National Legislative Committee, and national office staff will continue to make our members’ voices heard in Washington.\n\nLearn more about NATCA’s legislative activism, opportunities to get involved, and NATCA’s efforts from your National Legislative Committee. https://www.natca.org/committees/nlc/ \n\nhttps://www.natca.org/2023/10/30/natca-president-rich-santa-advocates-for-members-amid-shutdown-concerns-meets-top-congressional-leaders/""]"
3,3113,3_nationalnursesunited_employers_solidarity_nursesweek,"['nationalnursesunited', 'employers', 'solidarity', 'nursesweek', 'united', 'strike', 'staff', 'staffing', 'association', 'we']","['From the lack of support from hospital administration to short staffing, nurses are speaking out about what their work is really like.\n\nThis is why union nurses are fighting for national safe staffing ratios and a voice on the job!', 'Protect👏 Nurses👏', ""Nurses are vital to patient care. That’s why we're fighting for safe staffing standards to ensure patients receive the care they need.""]"
4,2974,4_usns_liberty_crewed_engineer,"['usns', 'liberty', 'crewed', 'engineer', 'crew', 'patrolman', 'congrats', 'chief', 'mymaritimecareer', 'hall']","['Congrats to SA Nilza Chavez (left) on receiving her full book. She’s pictured at the Jersey City hall with SIU Port Agent Ray Henderson. #1u #SIU #Seafarers #MyMaritimeCareer', 'Congrats to AB Jose Castillo Lino (left) on receiving his full book at the Houston hall late last month. He’s pictured with SIU Patrolman J.B. Niday. #1u #SIU #Seafarers #MyMaritimeCareer', 'Congrats to AB Jody Owens (left) on receiving his full book earlier this month. He’s pictured at the Oakland hall with SIU Port Agent J.B. Niday. #1u #SIU #Seafarers #mymaritimecareer']"
5,2003,5_workers_teamsters_union_organizing,"['workers', 'teamsters', 'union', 'organizing', 'secretary', 'wages', 'members', 'voted', 'benefits', 'joined']","['TEAMSTERS WARN ANHEUSER-BUSCH: SIGN CONTRACT OR FACE STRIKE, NATIONWIDE BOYCOTT\nTeamsters General President Sean M. O’Brien delivered a stern message to Anheuser-Busch as contract negotiations resumed today in Washington, D.C. — agree to the demands of the workers or risk another brand boycott and national walkout.\n\nJoined by Teamsters Brewery, Bakery, and Soft Drink Conference Director Jeff Padellaro and the Anheuser-Busch Teamsters National Negotiating Committee, O’Brien reminded AB InBev negotiators that Teamsters will not work a minute beyond the expiration of the current contract on Feb. 29, without a new deal.\n\nO’Brien and Padellaro gave Anheuser-Busch a full copy of the model contract that Anheuser-Busch Teamsters across the country overwhelmingly pre-ratified last week. With 94 percent approval by workers, the model agreement includes language protecting jobs, recapturing lost union work, increasing retirement benefits, and boosting wages.\n\nAfter telling Anheuser-Busch to respect the workers and sign the agreement, the Teamsters General President walked out of negotiations.\n\n“Anheuser-Busch needs to check its moral compass,” O’Brien said. “They’ve ignored workers for months. They make up excuses to not come to the bargaining table. They take our labor for granted while they pour millions into corporate advertising. It’s a disgrace. The Teamsters are more united than ever at Anheuser-Busch, and we are prepared for a full-scale strike and nationwide boycott.”\n\nOn Dec. 16, 5,000 Teamsters at 12 Anheuser-Busch breweries in the U.S. voted by 99 percent to authorize a strike. The Teamsters negotiating committee expects Anheuser-Busch to return to negotiations on Friday with a response to the members’ pre-ratified model agreement.\n\n“Anheuser-Busch has failed to address workers’ issues, so our model contract does the heavy lifting for these executives. It’s all laid out for them in black and white — what we need, what we’ve earned, what we expect,” Padellaro said. “All Anheuser-Busch has to do is finally make a decision to respect its workforce. Let’s get this thing done. There’s no sense in Anheuser-Busch driving its brand into the ground by turning its back on the people who make the beer.”\n\nTeamsters at Anheuser-Busch brew, package, and ship Budweiser, Bud Light, and other products, maintain breweries and equipment, and care for the world-famous Clydesdales.\n\nRead more: https://teamster.org/2024/01/teamsters-warn-anheuser-busch-sign-contract-or-face-strike-nationwide-boycott/', 'TEAMSTERS INCREASE FUTURE STRIKE BENEFITS FOR ANHEUSER-BUSCH WORKERS \n\nIn a major development in the fight for a strong contract protecting 5,000 Teamsters at Anheuser-Busch, the International Brotherhood of Teamsters announced today it will more than double strike pay to $1,000 per week for Anheuser-Busch Teamsters nationwide. \n\nThe increase will go into effect in the event Anheuser-Busch forces the Teamsters who brew, package, and ship Budweiser, Bud Light, and dozens of other beverage brands out on strike March 1. Anheuser-Busch Teamsters at 12 U.S. breweries are fighting for a fair contract that rewards and respects their hard work and sacrifices, which bring in $58 billion a year for the global beermaker. \n\n“With its ongoing refusal to invest in and protect American jobs, Anheuser-Busch is a legitimate threat to hardworking Teamsters. We’ve been clear with this company that the Teamsters have a strike fund of more than $300 million and we will use it to defend our members against those who threaten to destroy their livelihoods,” said Teamsters General President Sean M. O’Brien. “It’s important to increase benefits now in the event Anheuser-Busch puts itself on strike, so we make certain Teamster families don’t suffer undue burdens and can hold the line against corporate greed.”\n\nIn December, Anheuser-Busch Teamsters across the country voted by a resounding 99 percent to authorize a strike if the company does not come to terms on a strong agreement by the expiration of the current agreement on Feb. 29.\n\nAnheuser-Busch dragged its feet in negotiations for months, refusing to commit to job security for its Teamster workforce. On Feb. 1, the Teamsters demanded Anheuser-Busch deliver its last, best, and final offer, after the company wasted another negotiating session putting forth an unacceptable proposal intended to kill Teamster jobs by closing breweries and permanently laying off workers systemwide.\n\nO’Brien, Teamsters General Secretary-Treasurer Fred Zuckerman, and the Teamsters General Executive Board approved the increase in strike benefits in a special vote today, which was announced at the union’s annual Brewery, Bakery, and Soft Drink Conference.\n\n“Anheuser-Busch needs to respect and reward the Teamsters who make the company the billions of dollars it is now wasting on glitzy Super Bowl ads and greedy stock buybacks. Workers are fired up and ready to fight back. This increase in strike benefits makes sure our members are protected,” said Jeff Padellaro, Director of the Teamsters Brewery, Bakery, and Soft Drink Conference.', 'TEAMSTERS OVERWHELMINGLY RATIFY 5-YEAR CONTRACT AT ANHEUSER-BUSCH\nToday, Teamsters at Anheuser-Busch voted by an overwhelming 86 percent to ratify a five-year agreement that significantly raises pay, improves health care and retirement benefits, and protects all members’ jobs. The new agreement rewards 5,000 Teamsters working at Anheuser-Busch breweries nationwide.\n\n“In ratifying a strong new contract at Anheuser-Busch, Teamsters have clawed back concessions from earlier agreements, protected retirees and invested in their pensions, and will be taking home the higher wages we’ve fought for. It’s a significant victory for brewery workers in the United States,” said Teamsters General President Sean M. O’Brien. “This agreement provides the same high-quality health care for all rank-and-file Teamsters and protects every member’s job. Cheers to the workers who stayed in the fight to win a contract that sets a new standard for everyone in the brewing industry.”\n \n“Teamsters do incredible work in the breweries to make Anheuser-Busch successful, and under this contract, our members will share in that success,” said Jeff Padellaro, Director of the Teamsters Brewery, Bakery, and Soft Drink Conference. “I want to thank each and every member for rallying, practice picketing, and staying united — all your efforts were instrumental to winning this record-setting agreement.”\n \nHighlights of the 2024-2029 Anheuser-Busch Teamsters contract include:\n \n- Significant job security for all 5,000 Teamsters at Anheuser-Busch, including brewers, packagers, and warehouse workers\n- Wage increases of $8/hour, including an immediate $4/hour raise in the first year — average wage increases total 23 percent over the length of the agreement\n- $2,500 ratification bonus for every member\n- An end to two-tier health care, providing all workers with the same high-quality Teamsters health care coverage\n- Increased pension contributions and benefits nationwide\n- Increased maximum vacation accrual to 8 paid weeks\n- Restoration of retirement benefits for active and retired members\n \nBallots were counted Tuesday after three days of in-person voting. The tentative agreement reached on February 28 was unanimously recommended by the Teamsters National Negotiating Committee which includes Teamsters leaders and rank-and-file Anheuser-Busch Teamsters.']"
6,1934,6_workers_employees_staffing_union,"['workers', 'employees', 'staffing', 'union', 'org', 'governors', 'support', 'jobs', 'members', 'election']","['Let’s deliver a clear message that we stand with the USPS! We’re joining postal workers and allies for a national Day of Action on 8/25 to protect and strengthen our PUBLIC postal service. Join at https://www.apwu.org/aug25. #1u', '“The APWU welcomes this excellent news,” said APWU President Mark Dimondstein. “It is good for the environment, good for future postal revenues, good for postal workers and it is a huge step forward from the original management plans for an only 10% EV fleet. This is progress, for the people, the planet and the Postal Service.“', 'The U.S. Postal Service needs our help! 📮 Find out more and join the campaign to keep the Postal Service in public hands: http://ow.ly/GMbe50z9jcy APWU - The American Postal Workers Union']"
7,1570,7_union_workers_workforce_apprenticeshipworks,"['union', 'workers', 'workforce', 'apprenticeshipworks', 'nationalapprenticeshipweek', 'ironworkers', 'industry', 'contractors', 'national', 'conference']","['This week is National Apprenticeship Week, and we want to celebrate our apprentices who are the lifeblood of our Union and the construction industry. Meet our apprentices and see what they say about our #apprenticeship and training programs.\n#1u #NAW17 #ApprenticeshipWorks', ""The skilled Building Trades registered apprenticeship programs have been a path to the Middle Class for generations of Americans.  #NAW #ApprenticeshipWorks  \n\nLearn more about LIUNA's apprenticeship: https://www.liuna.org/apprenticeship"", ""Next week is National Apprenticeship Week. Our #apprentices are our future! What will you be doing to promote Roofers & Waterproofers apprenticeships? Let's highlight the good work being done by our apprentices and instructors. Visit https://www.apprenticeship.gov/national-apprenticeship-week for info on how to plan an event, issue a proclamation, and much more.""]"
8,1509,8_vote2020_electionday_voting_org,"['vote2020', 'electionday', 'voting', 'org', 'uswvotes', 'voter', 'ballots', 'elections', 'election', 'state']","['🧟\u200d♂️ Vote! 🧟\u200d♀️', '🚨 3 DAYS TO ELECTION DAY 🚨\u202f\u202f\u202f \n\nVoting rights are under attack, with new restrictions making it harder for communities of color and low-income voters to cast their ballots. Our democracy is strongest when every voice\n is heard, but voter suppression efforts are trying to silence us. This election, we’re fighting for the future of voting rights. Let’s vote for leaders who will expand access to the polls, protect the Voting Rights Act, and ensure everyone can participate\n in our democracy.\u202f\u202f\u202f \n\n🗳 Your vote protects the right to vote.', 'Ready. Set. VOTE! Are you and your family registered to vote? Check your voter registration / register to vote here: https://www.liunavotes.org/']"
9,1466,9_org_media_executive_vote,"['org', 'media', 'executive', 'vote', 'meetings', 'podcast', '2021labortechsummit', 'meeting', 'national', 'discuss']","['Congratulations to the SAG-AFTRA Foundation for officially opening the Meryl Streep Center for Performing Artists! 🎉 Check out the SAG-AFTRA Podcast for a conversation with SAG-AFTRA NED Duncan Crabtree-Ireland and SAG-AFTRA Foundation Executive Director Cyd Wilson to learn more: https://ow.ly/f4jn50Uans6', 'SAG-AFTRA NED & Chief Negotiator Duncan Crabtree-Ireland explains the protections for background actors that were achieved in the 2023 TV/Theatrical Contracts tentative agreement. More details and voting information are available at sagaftra.org/contracts2023. #SagAftraStrong', 'SAG-AFTRA National Executive Director & Chief Negotiator Duncan Crabtree-Ireland encourages #SagAftraMembers to vote on the 2023 TV/Theatrical Contracts tentative agreement by 5 PM PT on Dec. 5. The memorandum of agreement, FAQs and more are available at sagaftra.org/contracts2023. #SagAftraStrong']"
10,1432,10_gov_org_stay_customers,"['gov', 'org', 'stay', 'customers', 'our', 'guidelines', 'patients', 'visit', 'safety', 'resources']","['After reviewing new data from health and medical experts as well as changes to state policies, the COVID-19 Joint Task Force, comprised of the UAW, Ford, General Motors and Stellantis, has decided to remove the mask mandate for those in the United States who have been fully vaccinated beginning July 12. The UAW, Ford, General Motors and Stellantis will also continue to comply with all state, county, and city regulations where we operate facilities.\n\nThe COVID-19 Task Force met Monday, June 28 and reviewed the reports of medical experts, Centers for Disease Control and Prevention (CDC) guidelines and Occupational Safety and Health Administration (OSHA) standards to maintain safety as the companies continue to work through the pandemic.\n\nFor those fully vaccinated, the wearing of masks will be voluntary. Those who have not been vaccinated will continue to be required to wear a face mask. The Task Force will continue to monitor data carefully and make any adjustments necessary to protect the health and safety of employees.\n\nWhile the UAW and the companies continue following the protocols that have kept our workplaces safe, we know that one of the best ways to fight this virus is by getting vaccinated. The Task Force continues to encourage everyone to roll up their sleeves and get vaccinated against COVID-19 so that we can protect our sisters and brothers and their families.', 'Tonight, ATU International President John Costa hosted a COVID-19 Vaccine Webinar featuring Dr. Bob Harrison, Occupational and Environmental Medicine at the University of California-San Francisco, for Local Business Agents to provide expert information and guidance about the COVID-19 vaccines.\n\nDr. Harrison, who has counseled numerous unions during the pandemic, discussed the deadly impact of COVID-19 on frontline transit workers, the safety and effectiveness of the vaccines, how the vaccines work, the role of the vaccines in ending the pandemic, the mild side effects of the vaccines, the effectiveness of the vaccines on new COVID-19 variants, and the importance of continuing to wear masks and other PPE.  He also answered questions from Business Agents about the vaccines. Also discussed were workplace vaccination programs and the right and importance of Locals to bargain over and develop these programs. \n\nFor more information, please visit the ATU COVID-19 vaccine website page at http://bit.ly/ATU-COVID-Vaccines', 'The IAFF continues to work hard to provide the facts about COVID-19 vaccinations to our members and address concerns so our members are informed and have information about being vaccinated against the COVID-19 virus. (https://www.iaff.org/coronavirus/#latest-updates-new-resources)']"
11,1160,11_workers_union_state_we,"['workers', 'union', 'state', 'we', 'work', 'our', 'award', 'worker', 'bargaining', 'in']","['AFSCME members have rushed to the front lines of this pandemic. Your work will get America through this.\n\nNo one can thank you enough for the risks you take and the sacrifices you make.\n\nBut know this, as you fight to keep your communities safe and healthy: AFSCME is fighting for you.\n\nLearn more at https://www.afscme.org/covid-19.', '“All AFSCME members have hard jobs, but no one puts more on the line every day – under tougher conditions – than all of you. Yours is very often life and death work,” said AFSCME President Lee Saunders at the 10th Annual AFSCME Blue Breakfast with AFSCME Council 18.', 'Well said, AFSCME.']"
12,1014,12_unionmusicians_federation_unionmusician_networks,"['unionmusicians', 'federation', 'unionmusician', 'networks', 'local', 'work', 'management', 'support', 'fm', 'amfa']","['Standing strong with the Musicians of the Fort Worth Symphony Orchestra & Musicians of the Pittsburgh Symphony Orchestra', ""Just like writers & actors, musicians also deserve a fair share when their work is streamed on movies and tv shows.  Musicians have been shut out of millions of dollars in streaming for more than a decade.\n\nProducers have undervalued musicians and exploited our work for far too long.  It’s past time for a fair contract for musicians.\nMusicians have a union, and we’re ready to come together.\nIt's time for a FAIR SHARE FOR MUSICIANS!\n\nSign our petition & learn more at www.fairshareformusicians.org \n\nThanks to the grassroots union members who founded the Fair Share For Musicians campaign! #FS4M"", 'Union Musicians working!']"
13,967,13_solidarity_org_joined_join,"['solidarity', 'org', 'joined', 'join', 'our', 'sagaftramember', 'sagaftramembers', 'bros', 'industry', 'support']","['We love seeing #sagaftramembers on the #WGAstrike picket lines! We are #WGAstrong and #SAGAFTRAstrong in #solidarity!\n\nSee you tomorrow 💪 Get all the info you need at sagaftra.org/wgastrike', 'NY and LA #sagaftramembers brought the #SAGAFTRAstrong power to the picket lines today!\n\nFor #SAGAFTRASTRIKE picket locations and more information, check out sagaftrastrike.org.', 'NY #sagaftramembers are always ready for the #SagAftraStrike picket lines 💪 Show your #SagAftraStrong solidarity and join us on the line! Check out sagaftrastrike.org for more info ✊']"
14,963,14_congresswoman_sanders_healthcare_payer,"['congresswoman', 'sanders', 'healthcare', 'payer', 'revolution', 'senator', 'bernie', 'nurses', 'care', 'bill']","['Healthcare is a human right! Nurses call for Medicare for All!', 'Medicare for All is our fight; healthcare is a human right!', 'Why we need Medicare for All!']"
15,951,15_union_memorial_org_july,"['union', 'memorial', 'org', 'july', 'shopunion', 'celebration', 'ethical', 'ibt', 'thanksgiving', 'madeinamerica']","['Make sure your holiday is union made!', 'Shopping for holiday gifts? Buy union-made products this holiday season!\n\nhttps://aflcio.org/MadeInAmerica/holiday-gifts', 'Make sure and enjoy your Thanksgiving feast with these UNION MADE products... #1U\n\nCheck out Labor 411 for more #UnionMade products: https://labor411.org/shopping-list/a-union-made-thanksgiving-dinner/']"
16,938,16_unionpower_union_womensmarch_womenshistorymonth,"['unionpower', 'union', 'womensmarch', 'womenshistorymonth', 'coalition', 'internationalwomensday', 'leaders', 'caucus', 'uawwomen', 'leadership']","['Happy International Women’s Day', 'Happy International Women’s Day!', ""Today we honor International Women’s Day, celebrating the achievements of women across the globe and of all the Teamster women who make our union strong every day.\n\nHappy International Women's Day from the Teamsters! ♀️""]"
17,913,17_citizens_undocumented_citizen_congress,"['citizens', 'undocumented', 'citizen', 'congress', 'call', 'united', 'tpsjustice', 'communities', 'unitehere', 'legal']","['We are one union, and this is one fight-saving TPS and protecting Dreamers. Over 302,000 people in the U.S. are TPS holders-and over 273,200 U.S.-born children have parents with TPS, and we will fight tirelessly to keep these families together.\n\nDACA and TPS matter-not only to these families, but to voters. And in November, we will remember which representatives fought to keep families together, and which ones stayed on the sidelines.\n\n#SaveTPS #DreamActNow #UniteHere', 'Today UNITE HERE, the hospitality workers union which represents thousands of DACA and TPS workers, is marking the Trump DACA deadline with a week of historic worker actions from Honolulu to Washington, DC in a continued commitment to a pathway to citizenship. \n\nWith the fates of hundreds of thousands of DACA and TPS holders remain uncertain as DACA renewals are underway despite Trump’s program termination, UNITE HERE is running major internal member education campaigns for DACA holders and is organizing externally against Trump’s racist immigration policies. \n\n“America has been my home since I immigrated here at twelve years old,” said Celica Valdez, a UNITE HERE member in Monterey, California. “DACA allowed me to come out of the shadows and provide for my family. I’m a single mother, and my family depends on my union job as a hotel worker at Hyatt. If Trump wins with taking away my work authorization, my family would be destroyed.”\n\nThis weekend in Hawaii, UNITE HERE Local 5 held the largest immigrant citizenship application fair in the state’s history, with major local political backing including co-sponsorship of the Mayor of Honolulu. UNITE HERE chose to mark the DACA deadline by training over 150 union and community volunteers to assist eligible immigrants who attended to apply on the spot for American citizenship. The historic citizenship action is one of the largest in UNITE HERE International’s history, and resulted in 10 times the citizenship applications than the next largest citizenship fair in Hawaii’s history. \n\nThis week will also see UNITE HERE affiliates in swing states such as Pennsylvania and Nevada and as far flung as Indiana to New Jersey mobilizing in-state for a range of activities, including federal lobbying, joining a major action today in Washington, DC, and holding member education seminars for impacted workers on DACA.\n\nMaria Elena Durazo, General Vice President of UNITE HERE and icon of the immigrant rights movement, is marking today’s DACA deadline in part by serving as a keynote speaker at a Dreamer student forum at UCLA for DACA holders to engage with political office holders and policy experts on their pathway forward. \n\nUnder Maria Elena’s leadership, UNITE HERE has been engaging in an internal organizing campaign to educate union members who are DACA holders on the court decision to allow renewals, and the impact this has on current work authorizations.\n\n#DreamActNow #SaveTPS #HereToStay #unitehere', '📣 Statement from UNITE HERE Vice President of Immigration, Diversity, and Civil Rights Enrique Fernández on Redesignation of Temporary Protected Status for Haiti:\n\nThe Biden administration announced it would redesignate Temporary Protected Status (TPS) for Haiti for 18-months. This means Haitian TPS holders living in the U.S. will be protected from deportation and eligible for work permits. The Biden administration’s decision to redesignate TPS for Haiti is critical to keep families together and safe.\n\nUNITE HERE represents hundreds of Haitian workers with TPS who have been on the frontlines of the COVID-19 pandemic – cleaning rooms, preparing food, and greeting guests. Many TPS recipients have lived and worked in the U.S. for decades. This is their home.\n\nWe urge President Biden and Congress to deliver solutions to continue this step towards immigrant justice. The Biden administration has made progress on immigration, but Congress has yet to take action. Families with TPS, who have lived and worked in the U.S. for decades, need a permanent solution. We call on the Senate to pass the Dream and Promise Act to create permanent protections and a new pathway to citizenship for Dreamers and TPS holders.']"
18,871,18_workers_nurses_healthcare_congress,"['workers', 'nurses', 'healthcare', 'congress', 'lawmakers', 'bargaining', 'hospitals', 'government', 'employees', 'leadership']","['Victory! 🎉 After 5+ years of negotiations, we’ve reached a tentative agreement with the VA! Thanks to the hard work and dedication of thousands of National VA Council members, this agreement will help VA address chronic staffing issues and better protect VA workers and our veterans. \n\nCongratulations to our NVAC members on this major win!', 'The AFGE VA Council won’t stop fighting until we have a VA that works for everyone. Together, we’ll secure a pro-worker contract at the VA. ✊🏽✊🏾✊🏿', 'We’re done with false promises — we need real change now. \n\nAdd your name to this petition and join the thousands of VA staff demanding better working conditions at the VA: https://www.afge.org/about-us/agencies/department-of-veterans-affairs-va/va-employees-demand-safe-working-conditions--protections-for-veterans/\n\nCAUTION: Do not read or share, like, or comment on this post from a government computer or on duty time. Any actions must be made on a personal phone during non-duty time.']"
19,852,19_workers_congress_employees_senators,"['workers', 'congress', 'employees', 'senators', 'contractors', 'government', 'lawmakers', 'paychecks', 'duty', 'senate']","['The federal employees standing here today and the American people deserve a government that works. \n\nCAUTION: Do not read or share, like, or comment on this post from a government computer or on duty time.', 'The shutdown might be over, but Congress can do this all over again in 2 weeks. What you need to know →\n\nCAUTION: Do not read or share, like, or comment on this post from a government computer or on duty time.', ""Millions of people have paid for their Social Security through years of hard work but many won't be able to access certain benefits during a shutdown. Visit www.afge.org/Shutdown to find out how you can help us #StoptheShutdown. \n\nCAUTION: Do not view or share, like, or comment on this post from a government computer or on duty time.""]"
20,812,20_union_activists_employees_membership,"['union', 'activists', 'employees', 'membership', 'federal', 'afscme', 'members', 'activist', 'legislative', 'celebrategovworkers']","['Why government employees should join AFGE →', 'Every government employee deserves a voice on the job. Join AFGE today: www.afge.org/join.', 'Are you a veteran and AFGE member? Sign up for AFGE Veterans today! www.afge.org/veterans']"
21,801,21_workers_union_solidarityseason_solidarity,"['workers', 'union', 'solidarityseason', 'solidarity', 'autoworkers', 'strike', 'support', 'supporters', 'standupuaw', 'job']","['#UAW Local 551 (Region 4) is holding the line for economic justice. #StandUpUAW #SolidaritySeason #1u', 'Members of UAW Region 9 are ready to stand together for a strong contract!\n\nJoin the movement to win justice on and off the job!\n\n🔗 Find a Big Three contract action training near you: https://uaw.org/uaw-auto-bargaining/\n\n#solidarity #UAW', 'Members of UAW Region 4 are ready to stand together for a strong contract!\n\nJoin the movement to win justice on and off the job!\n\nhttps://uaw.org/uaw-auto-bargaining/\n\n#solidarity #UAW']"
22,798,22_congress_legislation_reform_corporations,"['congress', 'legislation', 'reform', 'corporations', 'workers', 'organize', 'senators', 'employers', 'unions', 'act']","['Join the PRO Act National Day of Action: Call your Senators and tell them to pass the PRO Act to support the rights of workers to organize and collectively bargain.', 'PRO Act #1U', 'Pass the Pro ACT!']"
23,777,23_union_unionize_org_organizing,"['union', 'unionize', 'org', 'organizing', 'workers', 'united', 'wages', 'us', 'university', 'https']","['""UAW to GM: Show me a Big 3 executive who\'d work for union pay""\n\n#StandUpUAW \n\nhttps://www.freep.com/story/opinion/readers/2023/09/21/uaw-gm-presidents-auto-strike-2023-pay-benefits/70912210007/', '""At a Volkswagen plant in Chattanooga, Tennessee, and a Mercedes factory in Vance, Alabama, the United Auto Workers have filed for union elections. If the UAW wins, it would be a major victory against anti-union bulwarks.""\n\nhttps://jacobin.com/2024/04/uaw-mercedes-volkswagen-alabama-tennessee-union-election', '""That\'s the choice the companies made,"" Fain said about the layoffs (at Ford MichiganAssembly). ""The companies didn\'t have to lay these workers off. It was a choice. They\'re trying to intimidate workers, but we\'ll take care of our workers, no matter what we have to do.""\n\n#StandUpUAW \n\nhttps://www.detroitnews.com/story/business/autos/2023/09/18/uaw-shawn-fain-negotiations-strike-agreement-detroit-three/70889272007/']"
24,743,24_senators_congressional_republicans_congress,"['senators', 'congressional', 'republicans', 'congress', 'obamacare', 'vote', 'companies', 'trumpcare', 'republican', 'trump']","['Massive cuts to Medicaid will hurt working families, seniors, children and people with disabilities. 1 in 5 Americans rely on Medicaid for quality, affordable healthcare. \n\nCall 866-426-2631 and tell Congress we need to protect Medicaid.', 'As soon as next week, Senate Republicans could move forward with their plan to vote on their secret healthcare repeal bill, which would rip healthcare away from 23 million people and gut Medicaid. As a home care worker, I know this would be devastating to people such as the children and adults with disabilities in my care, who count on Medicaid to live with dignity and independence in their own homes.\n \nThat’s why I urge you to call 866-426-2631 now and tell your senators: Show me a plan that makes our healthcare affordable and protects Medicaid. \n\n#SaveMedicaid #VoteNo', 'The extremist repeal bill would leave 24 million Americans without healthcare, including 14 million without Medicaid. Your premiums and out of pocket costs will go up. All this just to give the rich a massive tax cut. \n\nCall 866-426-2631 this Thursday to tell Republicans in Congress: Stop the repeal bill and start over. We can’t afford for healthcare and Medicaid to be taken away from children, seniors and people with disabilities who need it most, for our loved ones to lose protections for pre-existing conditions, and for monthly premiums and co-pays to go up for all Americans. We need care, not chaos.\n\n#CarenotChaos #NotAPlan']"
25,703,25_unemployment_unemployed_federal_congress,"['unemployment', 'unemployed', 'federal', 'congress', 'senators', 'call', 'legislation', 'actionnetwork', 'jobs', 'stimulus']","['ACTION NEEDED: The Senate is back in session this week to pass the next COVID pandemic relief bill. We need all UA members to call their U.S. Senators now and urge them to pass the Heroes Act before their next recess!\n\nCall (202) 224-3121 now to tell your senator why we need the Heroes Act:\n \n-Prevailing wage protections on federally-funded infrastructure projects;\n-Expanded unemployment insurance due to the pandemic;\n-Long overdue pension protections for millions of American workers;\n-Federal assistance to state and local governments;\n-Second round of stimulus checks;\n-COBRA subsidies for laid off and furloughed workers;\n-Critical election security measures.\n \nCall (202) 224-3121 and let your U.S. Senator know that the UA fully supports passing the Heroes Act.', 'On Monday evening, just prior to adjourning for the year, the 116th U.S. Congress passed an omnibus government funding bill with a $900 billion COVID-19 emergency economic relief package attached that will provide some measure of support for IATSE members in the coming months.\n\nPartisan gridlock following the passage of the CARES Act in March and the failure of the Republican majority in the Senate to consider the House-passed HEROES Act has exacerbated the economic hardship thrust upon entertainment workers by this health crisis.\n\nThe relief offered by the “Consolidated Appropriations Act, 2021” falls far short of what is needed to meet the full magnitude of this pandemic, but it is a welcome lifeline for the tens of thousands of entertainment workers who remain out of work through no fault of their own.\n\nAmong its key provisions, the Consolidated Appropriations Act, 2021:\n\n— Extends the unemployment insurance provisions from the CARES Act through March 14, 2021\n\n— Federal Pandemic Unemployment Assistance (FPUC) – partially restores federal enhancement that expired in July, provides additional $300 per week for all workers receiving unemployment benefits\n\n— Pandemic Unemployment Assistance (PUA) – eligibility for self-employed workers, freelancers, independent contractors, and part-time workers\n\n— Pandemic Emergency Unemployment Compensation (PEUC) – additional weeks of federally funded unemployment benefits to individuals who exhaust state benefits\n\n— Increases the maximum number of weeks an individual may claim benefits through regular state unemployment plus the PEUC program, or the PUA program, to 50 weeks\nProvides an extra benefit of $100 per week for certain workers who have both wage and self-employment income but whose base UI benefit calculation doesn’t take their self-employment into account\n \n— Provides a second round of economic impact payment checks at $600 per person (phasing out after $75k income for single filers and $150k for joint filers), as well as a $600 payment for each child dependent\n \n— Includes $15 billion in dedicated funding for live venues, independent movie theaters, and cultural institutions – known as the Save Our Stages Act – with a certification that eligible venues must adhere to non-abrogation of collective bargaining agreements and union neutrality\n \n— Supports paid sick and family leave by extending the tax credit from the Families First Coronavirus Response Act through March 31, 2021\n \n— Extends and expands the Employee Retention Tax Credit to help keep workers on payroll\n \n— Extends the federal Section 181 film tax deduction through December 2025\n \n— Extends the national eviction moratorium through January 31, 2021 and includes $25 billion for rental assistance to families facing eviction\n \n— Provides funding for free and equitable vaccine distribution, a strong national testing and tracing strategy with billions reserved specifically for combating the disparities facing communities of color, and to support health care workers\n\nAdditionally, in a victory for entertainment workers who depend on the sale of legitimate content for their health and pension benefits, the omnibus bill modernizes criminal copyright law by making felony penalties available for illegal streaming – while ensuring that such felony penalties are available only against the most egregious offenders: those who operate commercial streaming services that are primarily designed for illegal streaming of copyrighted content. This will provide prosecutors with an effective tool to deter the theft of copyrighted works that threaten our hard-won health care benefits and retirement security.\n\nThe omnibus bill also increases federal arts funding for the National Endowment for the Arts and National Endowment for the Humanities. The FY 2021 funding levels for NEA and NEH have been raised to $167.5 million each, a $5.25 million increase over FY 2020 levels.\n\nUnfortunately, the bill provides over $284 billion for forgivable Paycheck Protection Program (PPP) loans and expands PPP eligibility to 501(c)(6) nonprofits, yet fails to extend that support to 501(c)(5) nonprofits. Astonishingly, this makes chambers of commerce and trade associations eligible for federally funded economic support and not labor organizations, who are providing vital assistance to working families during this pandemic. Labor unions deserve the same support that every other employer is eligible to receive during this critical time and it is wholly unacceptable that this bill neglects to provide such relief. \n\nAs we enter the new year, the initial distribution of FDA-approved vaccines offers us much hope, but the coronavirus pandemic will continue for many months to come. So too will our fight for additional relief.\n\nWhile the motion picture industry is recovering from the worst of the devastating unemployment caused by the pandemic, those of our members who work in live events and tradeshows will be among the last in the country to return to their jobs in a meaningful way due to government mandated restrictions.\n\nSubsequent COVID-19 relief legislation must ensure the safety of entertainment workers as states allow workplaces to reopen by ordering OSHA to issue an Emergency Temporary Standard that establishes an employer’s responsibility to protect workers from infection; preserve access to affordable, quality healthcare with a 100% COBRA premium subsidy; extend PPP access to all nonprofits; protect our healthy pension plans and earned pension checks; and provide direct economic support for organizations in the arts, entertainment, and media industries to get people back to work when it is safe to do so.\n\nThe IATSE commends Congress on this positive step, but we remain steadfast in our demand for a more comprehensive relief package early next year when President-elect Joe Biden takes office and the 117th Congress is sworn in.', 'A majority of Americans - both Democrats and Republicans - agree that we need COVID-19 relief now. Write to your lawmakers and tell them: Pass the American Rescue plan! https://actionnetwork.org/letters/pass-the-american-workforce-rescue-act/']"
26,687,26_immigrants_together_raise_walkoutwednesday,"['immigrants', 'together', 'raise', 'walkoutwednesday', 'immigration', 'we', 'families', 'our', 'justiceforjanitors', 'ballot']","['SEIU Local 2015 members are out in force across California today-- including Oakland, Los Angeles, Fresno and Sacramento--to get the word out to their friends and neighbors about why Hillary Clinton is the right choice for working families.\n\nSEIU members know how important it is to have leaders in office with messages of inclusion and opportunity, not exclusion and hatred. Hillary Clinton will stand beside SEIU’s two million members, and working families across the country, to ensure they can care for their loved ones and help their children have a better life.\n\nSEIU’s ground force is unstoppable and they will not rest until Hillary Clinton is the Democratic nominee and our next President of the United States. #SEIUforHillary #ImWithHer', 'With the Democratic Convention only two weeks away, Hillary Clinton is making stops across the country to meet with voters like our brothers and sisters from SEIU Virginia 512 and 32BJ SEIU who know that the stakes couldn’t be higher for working families this November. From fair wages to immigration reform, quality care for our children and parents to racial justice, Hillary Clinton is the candidate that will fight, deliver and win for working moms and dads. SEIU members will continue our work to make sure she is the next President of the United States. We are #StrongerTogether  #SEIUforHillary', 'Only 9 days until Pennsylvania votes and member volunteers from SEIU Healthcare Pennsylvania, 32BJ SEIU and <redacted_mention> are getting out the vote for Hillary Clinton!\n\nSEIU members are more motivated than ever to get involved, and from knocking on doors to sitting down and talking with our neighbors about the issues, SEIU’s ground force for change is unstoppable. We will elect Hillary Clinton the Democratic nominee and next President of the United States! #SEIUforHillary #ImWithHer']"
27,681,27_workers_wages_worker_fightfor15,"['workers', 'wages', 'worker', 'fightfor15', 'congress', 'corporations', 'we', 'us', 'wage', 'corporate']","['Companies don’t have to wait for the minimum wage to go up by law! They can make a $15 minimum wage a reality now.', 'The Raise the Wage Act has passed in the House of Representatives and will now move on to the Senate. Congrats to all the workers who have fought so long for a $15 minimum wage! Not only would a $15 federal minimum wage give 40 million workers a raise, it would raise the bar for wages for everyone!', ""Today the U.S. House of Representatives will vote on the historic Raise the Wage Act to raise the federal minimum wage to $15/hour. It's been more than a decade since the federal minimum wage has been raised. \n\nWe can lift millions of working people out of poverty!""]"
28,674,28_impacted_go_org_local,"['impacted', 'go', 'org', 'local', 'our', 'communities', 'affected', 'assistance', 'by', 'teamsters']","[""Help ATU members impacted by Hurricane Ida\n\nHurricane Ida, one of the worse storms to hit the Gulf Coast, unleashed rain, dangerous storm surge, destructive winds, and flooding. We have received reports that ATU sisters and brothers in Louisiana have had their homes and property destroyed, and millions may be without power for weeks. The still dangerous storm is making its way northeast and will impact many communities where ATU members live and work.\n\nOur members have always supported our fellow members in dire need, and now it's time we show our support again. You can help your sisters and brothers impacted by Hurricane Ida by contributing to the ATU Disaster Relief Fund at https://bit.ly/ATU-Disaster-Relief or by mailing a check to:\n\nAmalgamated Transit Union\nDisaster Relief Fund\n10000 New Hampshire Avenue\nSilver Spring, MD 20903\nAttn: John A. Costa"", 'Teamsters General President Jim Hoffa has directed international union staff to provide all necessary support to members impacted by Hurricane Harvey and the resulting floods. Robert Mele, Joint Council 58 President and Local 988 President, is assessing the best ways for the Teamsters Disaster Relief Fund to support members and retirees affected by this unprecedented storm. Local 988 is setting up a staging area for supplies at the union hall and will be providing meals to affected members and retirees. Let’s support our brothers and sisters in Texas in this time of need – locals, Joint Councils and members are urged to makes donations to the Relief Fund for those impacted by Hurricane Harvey: www.teamster.org/benefits/disaster-relief\nRead more here: https://teamster.org/news/2017/08/teamsters-disaster-relief-fund-coordinating-efforts-south-texas-leader', 'Help ATU members impacted by Hurricane Ida by donating to the ATU Disaster Relief Fund\n\nCommunities across the Gulf Coast and the southern, mid-Atlantic, and northeastern parts of the U.S., where many ATU members live and work, are still recovering from the devastation of Hurricane Ida. We have received reports that ATU members in the path of this storm have had their homes and property destroyed. You can help by contributing to the ATU Disaster Relief Fund by visiting https://bit.ly/ATU-Disaster-Relief']"
29,666,29_unionsforall_workers_unionize_union,"['unionsforall', 'workers', 'unionize', 'union', 'worker', 'unionbustingisdisgusting', 'solidarity', 'employees', 'warehouse', 'work']","['This week in Amazon news:', 'Standing in solidarity with all Amazon.com workers fighting to join a union! #BAmazonUnion', '“Amazon needs to do better for all its employees to keep them safe. It’s not that Amazon cannot afford to, but that Amazon doesn’t want to"" - RWDSU Pres. <redacted_mention> \n\nPut people over profits, Amazon! #BAmazonUnion #1u']"
30,645,30_ua_members_united_national,"['ua', 'members', 'united', 'national', 'wreaths', 'iatseveterans', 'military', 'nation', 'us', 'weekend']","['""Today our nation comes together to honor the proud men and women who have stepped up to protect and serve our country. On this Veterans Day, we remember all those who served and the sacrifices they and their families made to keep us safe and to safeguard our democracy. We remember those who made the ultimate sacrifice during wartime and all who gave of themselves during peacetime.\n\nOn this national holiday, we also pause to think about how to pay tribute to our veterans and our military families. We must pledge to care for our service members — as they have cared for this nation — and work to ensure that they have the resources they need and deserve. They were there when their country called on them to serve, and we need to be there for them as a nation who recognizes their contribution. The UAW has always been a proud supporter and advocate for veterans and their families. We continue to work in support of veterans’ benefits, opportunities, health care and more.\n\nThe UAW has a proud history of commitment to helping our nation’s veterans, both at the local level and through our standing veterans committee. As always, we will continue to fight for the rights of our brothers and sisters who bravely served our country and their families.\n\nThank you and God bless our veterans for their service to our nation."" - UAW President Rory L. Gamble', 'This Veterans Day, we honor the brave people who served our country and continue to serve their communities. 🇺🇸 \n\nThank you, veterans, for your service and strength.', 'Sisters and Brothers,\n\nThis Veterans Day across our great nation, we honor the proud individuals who served our country. We remember the men and women, and their families, who have made the ultimate sacrifice during wartime, those who made it through, and those who gave of their time and commitment during peacetime. We will again remember the willingness and sacrifice of America’s veterans who served our country — service that deserves our lasting gratitude.\n\nOn this special day we are always mindful that while this holiday is about commemoration and reflection, it is also very much about renewing and ever investing in our nation’s solemn duty to care for our service members and to ensure they receive the resources they need. That commitment to those who have served does not and must not end when their service ends and they return home. In this, the UAW will continue to stand tall for our veteran members’ benefits, opportunities and\nwelfare.\n\nOur union has a proud history of commitment to helping our nation’s veterans, both at the local level and through our Veterans Standing Committees. Our union sisters and brothers who served are also America’s sisters and brothers. We will never forget their bravery and dedication.\n\nI wish our entire UAW family an enjoyable day and ask that we all take some time to reflect on today’s meaning. For those members who have served, who have made peace possible and have fought bravely for America’s freedoms, we thank you for your service and your sacrifice.\n\nIn solidarity,\n\nRay Curry\nUAW President']"
31,639,31_strike_committee_bargaining_teamsters,"['strike', 'committee', 'bargaining', 'teamsters', 'action', 'contract', 'committees', 'company', 'members', 'campaign']","['WILL UPS DELIVER ON TIME?\n\nThe UPS Teamsters National Negotiating Committee will return to the bargaining table Wednesday at noon to see whether UPS executives will deliver on their commitment to wrap up the few issues still unsettled for supplemental and rider agreements.\n\nDuring a face-to-face with the company shortly before 5pm yesterday, Teamsters General President Sean M. O’Brien told the company the union wants national negotiations to get underway now.\n\n“UPS has burned up enough of our members’ time. There is no reason another full week should pass us by without UPS making up its mind and reaching final tentative agreement on our supplements,” O’Brien said. “Negotiations for the Teamsters National Master Agreement will affect more than 350,000 UPSers. You would think UPS would take that seriously. We’ll find out today if that’s true.”\n\nTeamster committees for outstanding supplements met throughout the day Tuesday and continued to bargain into the night with UPS. Committee members, including full- and part-time rank-and-filers, will remain at the ready to continue bargaining should UPS fail to make meaningful movement.\n\n“No concessions — but lots of preparation and a whole lot of hard work,” said Teamsters General Secretary-Treasurer Fred Zuckerman. “That’s been the Teamsters’ approach this whole time. No company will outwork this union to protect our members and get the job done.”', 'TEAMSTERS TO UPS: NO MORE MEETINGS TILL MONEY GETS REAL\n\nUPS executives gave the Teamsters National Negotiating Committee an appalling economic counterproposal on Thursday as negotiations resumed in Washington. The company’s proposal, which would affect more than 340,000 UPS Teamsters, included minimal raises and overall wage cuts to workers’ cost-of-living adjustments.\n\nThe Teamsters’ committee unanimously rejected UPS’s disrespectful package. Teamsters General President Sean M. O’Brien sternly reminded UPS negotiators across the table of the serious consequences the company faces.\n\n“The Teamsters will not bargain or accept any contract that’s cost-neutral. We are not going to sell ourselves short in these negotiations, and we will not buy back terms and conditions to protect our members,” O’Brien told UPS. “We have 39 days to go. This company is wasting time putting forth offensive proposals. If UPS wants to negotiate a contract for 1997 working conditions, they’re going to get 1997 consequences.”\n\nThe Teamsters National Negotiating Committee told UPS they will not meet again until the company makes a realistic and respectful economic offer.\n\n“UPS is well aware that the ball is now in their court. We are not messing around here. If they want to see the Teamsters back at the bargaining table any time soon, UPS has got to get serious fast,” said Teamsters General Secretary-Treasurer Fred Zuckerman. “The Teamsters are not trading for anything. And we are not accepting whatever crumbs these executives might throw our way. UPS has made plenty of money. Our members have sacrificed everything to make them rich. We are demanding a real offer right now.”\n\nUPS Teamsters nationwide overwhelmingly authorized a strike against the company by 97 percent last week, should UPS fail to come to terms on a new deal. The current contract expires July 31.\n\nContract action team trainings are continuing around the country to update members on bargaining and help Teamsters build strong communications networks inside their barns. Practice picketing begins this week around UPS facilities nationwide and will continue for the next several weeks.', '🚨 UPS STRIKE VOTES START THIS WEEK 🚨 \n\nLocal unions representing UPS Teamsters will begin conducting in-person voting this week for strike authorization.\n\nVoting YES will enable the Teamsters National Negotiating Committee to call a nationwide strike at UPS should the company fail to reach agreement on a strong new contract for more than 340,000 UPS Teamsters.\n\nStrike authorization votes will be recorded in-person at local union halls and at the gates of UPS facilities. Results will be announced Friday, June 16.\n\n“The time has come to use our strongest leverage and officially remind UPS that hundreds of thousands of Teamsters are ready to withhold our labor to ensure UPS acts accordingly,” said Teamsters General President Sean M. O’Brien. “The National Committee strongly urges all UPS Teamsters to vote YES to authorize a strike. This is how we win.”\n\n“All Teamsters at UPS must be ready to show these corporate executives how serious we are about our new contract. We’ve been organizing, training, and rallying in the lots. Now it’s time to vote,” said Teamsters General Secretary-Treasurer Fred Zuckerman. “UPS is going to give us what we’ve earned. But we have to fight like hell for it. We must be prepared to hit the streets August 1 if UPS screws this up.”\n\nMore details will be available soon on the UPS Teamsters app and directly from local unions.']"
32,626,32_unionists_union_everybodysunion_activists,"['unionists', 'union', 'everybodysunion', 'activists', 'activist', 'helped', 'community', 'leaders', 'labor', 'celebrates']","[""APWU Honors #BlackHistoryMonth We are proud to celebrate the achievements of Black Americans in our union, the labor movement, and our nation's history!"", 'Happy Black History Month!\n\nBlack history is labor history, and UWUA members continue to contribute to it.', ""Today and throughout the month of February, the Teamsters Union celebrates Black history, a history that is deeply bound together with the history of the American labor movement and the history of our union. While Black history has been long ignored or outright suppressed throughout much of our nation's existence, during Black History Month, we honor the contributions Black Americans have made to this country, to organized labor, and to working people everywhere.\n\nEarly in our union’s history, Teamsters advocated for “no color lines” within the labor movement and would not tolerate the practice of separate unions for Black members. Women and people of color were part of the membership from the very beginning of the Teamsters Union, with Black members attending the founding convention in 1903.\n\nAs early as 1917, Teamster contracts included provisions for equal pay regardless of race. In the 1960s, Teamsters marched alongside Dr. Martin Luther King Jr. as part of the civil rights struggle for racial equality and economic justice.\n\nWhile some progress has been made over the last half-century to combat racism in America, our society still has a long way to go to erase the institutional prejudices that continue to oppress Black Americans. As we carry on the fight for equality and justice in America, Black History Month is about recognizing the countless Black Americans who – despite systemic racism – have helped move this nation forward in so many ways.\n\nThe Teamsters will continue to uplift these stories. We will continue to listen and learn from the legacies of Black Americans who have shaped our union, the trade union movement, and human progress all over the world.""]"
33,626,33_workers_nationalcomingoutday_discrimination_outreach,"['workers', 'nationalcomingoutday', 'discrimination', 'outreach', 'celebrate', 'our', 'prideatwork', 'community', 'work', 'we']","['Happy Pride Month! AFT Union celebrates our LGBTQ+ members and their communities.', 'Happy pride month to LGBTQ+ APWU members and all those who celebrate.', ""Happy #Pride ! Every June we celebrate the history of the gay rights movement and the LGBTQ+ communities who've made progress possible.\n \nThis Pride may be rife with attacks on our trans siblings and LGBTQ+ school staff but we will not let the joy of Pride month be overshadowed by hate and we will continue to fight for the respect and dignity LGBTQ+ folks deserve.""]"
34,616,34_strike_solidarity_news_transpo,"['strike', 'solidarity', 'news', 'transpo', 'negotiations', 'halifax', 'demand', 'ratifying', 'bus', 'globalnews']","['Our Local 689 Loudoun County Transit members stood strong and united and won. #ATUStrongerTogether @<redacted_mention>', 'We stand with our Local 689-Washington, DC, members working in Loudoun County, VA, as they strike for a fair and just contract. #ATUStrongerTogether', 'Our striking Local 689 Loudoun County Transit workers are staying strong and united to get the contract they deserve. #ATUStrongerTogether']"
35,612,35_electricians_nonunion_jobs_work,"['electricians', 'nonunion', 'jobs', 'work', 'infrastructure', 'membership', 'industry', 'electrician', 'are', 'they']","['What can a career in the #IBEW do for you?', 'Good jobs for IBEW members', '#IBEW proud.']"
36,596,36_workers_unionsforall_handlers_congress,"['workers', 'unionsforall', 'handlers', 'congress', 'jobs', 'wages', 'industry', 'strike', 'airportstrikealert', 'faa']","['11,000 airport catering workers will vote on authorizing a strike. Many workers like Preston make the minimum wage, or less, and can’t afford health insurance on their company’s plan. These workers deserve a living wage and affordable health insurance. \n\nThis is exactly why thousands of airport workers are coming together in @AirportWorkersUnited fighting for at least $15 an hour and union rights for all airport workers! Airport workers should be able to provide for their families and in their union they are able to better serve the hundreds of millions of passengers who fly.\nhttps://www.nytimes.com/2019/06/04/business/economy/airport-workers-union.html', 'BREAKING: Airport workers urgently call on Congress to ensure any airline bailout prioritizes the health, safety & economic security of the contracted airport workers who keep our airports running.\n\nWe know that it is not the responsibility of our government alone to respond to this crisis — the airline industry needs to step up and prioritize working people! Millions of airport workers are on the front lines, cleaning and protecting offices and airports, serving food to people that even in this crisis, must continue to go about their daily lives. \n\nAny airline bailout must \n#ProtectAllWorkers by ensuring the health, safety, and economic security of the contracted airport workers who keep our airports running. \n\nRead More Here: http://bit.ly/2x717Za', '“As airlines and passengers cancel flights amid the coronavirus pandemic, more than 400 contract workers have been laid off at local airports. Airport workers who do everything from attending to wheelchair passengers to transporting baggage have been on the front lines of widespread layoffs.”\n\nAcross the country, hundreds of airport workers are losing their jobs as we fight back against this COVID-19 crisis. To make matters worse, instead of our elected leaders doing everything that needs to be done to #ProtectAllWorkers, some self-interested politicians are preparing to line the pockets of airline industry CEOs without ensuring working people will be a priority. We’re not having it! These airport workers are on the front lines, cleaning and protecting offices and airports, serving food to people that even in this crisis, must continue to go about their daily lives. Any real relief bill must ensure the health, safety, and economic security of ALL airport workers who keep our airports running!']"
37,569,37_union_officers_supporters_staff,"['union', 'officers', 'supporters', 'staff', 'families', 'members', 'sellers', 'we', 'our', 'brothers']","['Wishing you and your family a Happy Thanksgiving Day!', 'Wishing you and your family a Happy Thanksgiving!', 'Wishing all a Merry Christmas and a safe, Happy Holidays!\n🎄🎁❄️']"
38,548,38_teachers_org_bannedbooksweek_librarians,"['teachers', 'org', 'bannedbooksweek', 'librarians', 'readers', 'authors', 'aft', 'event', 'stories', 'students']","[""For nearly 100 years, parents, kids and educators have celebrated the joy of reading during Children's Book Week. Established in 1919, Children's Book Week is the longest-running national literacy initiative in the country.\n\nCelebrate books and reading this week by thanking our school librarians, library technicians and assistants, and all of the amazing people that make our libraries great places of learning and wonder. From all of us at CSEA, thank you for everything you do to support children's literacy."", 'NEA’s Read Across America can help you connect students to literacy-rich experiences that are great for families whether school is open or closed. Encourage reading and learning fun at home during winter break and all year round when you share NEA’s diverse Read Across America book recommendations that families can read together. Learn more: https://www.nea.org/professional-excellence/student-engagement/read-across-america/support-your-readers/reading-tips', 'AFT is celebrating! We distributed more than 1 million free books through our Reading Opens the World initiative to promote the joy of reading. Now we are taking that initial literacy effort to the next level. Because reading is so foundational to everything we do, we’re planning to distribute another million books in 2023! This time our goal is to do our part to create a nation of confident and joyful readers!']"
39,506,39_unionsforall_union_workers_supportthestrike,"['unionsforall', 'union', 'workers', 'supportthestrike', 'employees', 'staff', 'wages', 'fixhousingworks', 'solidarity', 'strike']","['✊Fair wages\n✊Job security for all faculty\n✊Race, gender & campus equity\n✊Guaranteed graduate funding & support\n✊Control over teaching, research & service\n✊Common good of Rutgers students & community\n\nWe stand with Rutgers faculty as they fight for the university students deserve.', 'Last March, for the first time in the university’s 253 year history, Rutgers University workers walked out on strike. Full-time, part-time, and graduate workers held the line with support from AFT, American Association of University Professors & Rutgers students, and their solidarity paid off: Their new contract includes significant raises for all faculty, job security for adjuncts, professional development, and more.', 'Solidarity with the University of Chicago graduate students on strike for a fair contract!']"
40,502,40_agency_unions_employers_federal,"['agency', 'unions', 'employers', 'federal', 'employees', 'administration', 'companies', 'workers', 'national', 'flsa']","['The National Labor Relations Board (NLRB) needs more funding or it won’t be able to fully do its job – protecting the right of workers to organize unions and engage in collective bargaining. Congress must pass a government spending bill by December 16. \n\nAct now and tell your elected officials that the year-end spending bill must fully fund the NLRB!', '""Some major companies, including Amazon, Starbucks and SpaceX, have specifically looked to neuter the National Labor Relations Board (NLRB), the government’s leading labor watchdog. They have targeted the NLRB with the aid of another key case that came before the Supreme Court last term: Jarkesy v. SEC, which sharply limited the SEC’s use of in-house tribunals to adjudicate alleged securities fraud.\n\nThe ruling carried vast implications for other federal regulators, including the NLRB, which relies extensively on its own internal administrative law judges to hear workers’ complaints and award back pay when necessary. (Its rulings can be appealed to federal court.)\n\nJennifer Abruzzo, the board’s general counsel, acknowledged the wave of litigation already has forced the NLRB to \'divert some of its scarce resources to defend itself in cases that cite this Supreme Court precedent.\'\n\nIn July, for example, the rocket-maker SpaceX successfully seized on the justices’ decision — and the ambiguity in their ruling — to halt lawsuits stemming from its allegedly unfair labor practices. The Elon Musk-owned company pointed to the fact that the Supreme Court deliberately did not address one of the issues it was asked to consider: whether agencies like the NLRB are unconstitutional because they are overseen by presidential appointees who cannot be removed by Congress.""', 'All over the country, workers are organizing to win union elections and fight illegal union-busting. The National Labor Relations Board (NLRB) is supposed to back us up by enforcing labor law and worker protections. But the NLRB is in a funding crisis and can’t do its job.\n\nWithout the NLRB, we can’t hold corporations accountable or build worker power through stronger unions.\n\nPlease support workers and fund the NLRB.']"
41,488,41_charity_union_ufcwcharityfoundation_awards,"['charity', 'union', 'ufcwcharityfoundation', 'awards', 'members', 'award', 'students', 'seniors', 'scholarships', 'accredited']","['Apply now for the Union Plus Scholarship! As a proud supporter of union families in education, Union Plus has awarded over $5.4 million in scholarships. This scholarship is for you and your family pursuing a degree in higher education. Application is now open! Find more information at csea.com/up-scholarships', '🎓Applications for the UFCW Charity Foundation scholarship are now OPEN! \n\n🗓️The scholarship deadline is May 15, 2022.\n\nLearn more about the scholarship and how you can apply here: http://ufcwcharityfoundation.org/scholarship', '2024 Union Plus Scholarship Program deadline is January 31.\n\nFor the 33rd year, the Union Plus Scholarship Program is gearing up to review thousands of applications from inspiring current and prospective college, university and technical or trade school students. Last year, $200,000 in scholarships was awarded to 205 students representing 41 unions.\n \nThe deadline to apply for a 2024 Union Plus Scholarship is January 31. \n\nVisit unionplus.org/scholarship to learn more and access the application.']"
42,486,42_union_delegates_council_iamstandingstrong,"['union', 'delegates', 'council', 'iamstandingstrong', 'district', 'legislation', 'legislative', 'go', 'members', 'join']","['More than 100 aerospace machinists are the newest members of IAM District 725. Thanks for the help, IAM District 751!', 'MACHINISTS ARE ON THE HILL! \n\nIAM members and political activists from across the United States convened in Washington, DC this week for the 2022 IAM Legislative Conference, hearing from allies of the Machinists Union and lobbying members of Congress. Check out our overview and pics of the conference ---> https://www.goiam.org/news/imail/machinists-union-members-make-powerful-return-to-capitol-hill-at-iam-legislative-conference/', 'We are the IAM! Union Strong!']"
43,482,43_boilermakersunion_unionproud_unionswork_union,"['boilermakersunion', 'unionproud', 'unionswork', 'union', 'unionstrong', 'mondaymotivation', 'apprentices', 'national', 'boilermakers', 'org']","['Solidarity to the working class ✊ We are union strong! \n\n#Boilermakers #UnionProud  #BoilermakersUnion', '#UnionStrong #Boilermakers', '#Boilermakers #UnionStrong']"
44,477,44_legislative_apprenticeships_apprenticeship_unopposed,"['legislative', 'apprenticeships', 'apprenticeship', 'unopposed', 'officers', 'elected', 'staff', 'workforce', 'elections', 'today']","['A Labor Day message from ATU International President John Costa. #TogetherWeFightTogetherWeWin', 'Today, International President John Costa took time out of the ATU General Executive Board meeting in Calgary, AB, to kick off the Illinois Joint Conference Board taking place in Springfield, IL, with our Locals from across the state \n\nCosta spoke about issues impacting our members, our Union, and our communities and the importance of politics and elections. “We appreciate the hard work you do to represent our members and our Union,” Costa said, pointing to our success in repealing Right-to-Work in Michigan, but also the challenges that lie ahead including the anti-union law in Florida.  “This is important work that the Joint Conference Board does. People like fighting back. If you have a cause, our members will get involved.” He also discussed the Infrastructure law with historic transit funding and critical safety protections for our members, the upcoming ATU Legislative Conference, our industry-leading apprenticeship programs, and other issues.\n\nInternational Executive Vice President Yvette Trujillo and International Secretary-Treasurer Ken Kirk also addressed to the Joint Conference Board. #ATUStrongerTogether', 'Today, the ATU Texas State Legislative Conference Board met at Local 1091-Austin, TX, bringing together Locals from across the state to talk about issues affecting our members, our Union and our communities.  \n\nInternational President John Costa kicked off the meeting by zoom to thank the Locals for their leadership in fighting for our members and our Union over the past few challenging years. Costa talked about the importance of political action and the critical upcoming mid-term elections, our organizing of new members, and contract wins. He also discussed our success to secure COVID relief funding to save our members’ jobs and transit agencies, and the US Infrastructure bill with historic transit funding and critical safety protections for our members. \n\nCosta took questions and lead a discussion on our push for protections to combat the epidemic of attacks on our members, the upcoming International Convention, our new website, the new trainings for our members, our work to prepare our members for Zero-Emission vehicles, our innovative workforce development programs, paratransit, our response to push back on Autonomous Vehicles and Microtransit, and other issues. \n\nAlso attending by zoom and addressing the board were International Secretary-Treasurer Ken Kirk and International Vice Presidents Yvette Trujillo and Ray Greaves.\n\n “You must involve our members to win. People like fighting back. If you have a cause, our members will get involved. You showed that in your winning campaigns and I applaud you for that work,” Costa told the board in wrapping up and pledged the International’s support and assistance to our Locals. #TogetherWeFightTogetherWeWin']"
45,473,45_newspapers_unionhistory_workers_union,"['newspapers', 'unionhistory', 'workers', 'union', 'labor', 'strike', 'history', 'started', 'massacre', 'company']","['GM’s Fisher Body Ohio Company was located on the east side of Cleveland, Ohio, in the Collinwood neighborhood of the city. 7,000 workers produced Chevrolet bodies at the facility. \nIn December of 1936 the UAW was working hard using sit-down strikes to gain national recognition from General Motors. Fisher Body workers in Kansas City began a sit-down strike on Dec. 16, right on the heels of GM workers in Atlanta sitting down. Soon after, on Dec. 28, a relatively small group of workers at Fisher Body in Cleveland, about 200, sat down at their machines and joined their co-workers in Atlanta and Kansas City, protesting lower wages at Fisher Body plants than at GM facilities, and for discriminatory firings of workers. \nAt 2 p.m. on Dec. 28 their sit-down began and 125 picketers joined them on the street shortly after as the news spread of the action. The Cleveland Fisher Body workers had a set list of demands that they made clear to management: They wanted to avoid layoffs by changing the shift schedule and creating three, seven-hour shifts. If they were going to have to work on a holiday or a Sunday they expected to be paid double their regular wage. They also demanded that union members who were negotiating with management on these terms be paid for their negotiating time. Contentious negotiations between workers and management in Cleveland lasted for more than a month. All the while, the 200 workers at the Collinwood Fisher Body plant stayed put and held strong with their sit-down strike. \nAs time dragged on past the holidays, the nation paid more attention to the GM Fisher Body strikes in Atlanta, Kansas City and now Cleveland, even prompting President Roosevelt to publicly reprimand GM for refusing to grant workers their terms of settlement for the strike. The federal government would eventually get involved with all of the disputes between strikers and General Motors Corp. that started that December, with the president noting that GM “accounted for about one-twentieth of the economic activity of the United States.” That percentage was even more important in 1936 because it was helping lift the country out of the Depression. These GM jobs and the buying power it created for the workers were essential to the country’s economic recovery. \nThe Cleveland strike finally ended when the company agreed to recognize the UAW after the famous Flint Sit-Down strike further caught the country’s attention, ending in February of 1937. Immediately after the Flint recognition, the city of Cleveland and its Fisher Body workers celebrated. The city’s leading newspaper, the Cleveland Plain Dealer, put it this way: ""Word of the strike settlement was received with rejoicing by the whole Collinwood district, where many of the strikers live and where merchants had felt the financial effect of the stoppage of thousands of weekly pay envelopes."" #UnionHistory #PROUAW', 'On Nov. 17, 1936, workers at the Fisher Body plant on McDonough Boulevard near Atlanta, Georgia, stopped working and sat down. Though the Flint sit-down strike in Michigan was a month away, it has always garnered more attention.  But it was in Atlanta where workers first used the sit-down strategy and built the momentum for the first major dispute in U.S. auto history.\n\nThe UAW wanted to gain recognition as the sole bargaining agent at General Motors, make the company stop sending work to nonunion plants, gain a fair minimum wage scale, and put grievance procedures and health and safety measures in place. Not everyone was on board with how to achieve those goals, and at times UAW leaders and members of the Congress of Industrial Organizations wondered if the UAW was moving too fast and whether it was truly ready for a general strike.\n\nIn plants across the county, vehicles were being churned out quickly to meet rising consumer demands. Autoworkers faced exhaustion on fast-moving production lines. They couldn’t get restroom breaks and the company found ways to thwart organizing like denying activists the right to distribute union materials on the plant floor. Wearing a union button was enough get a worker laid off or fired. \n\nOn Sept. 11, 1936, when UAW President Homer Martin warned union leaders that the right to organize would have to be established during that production season, Fred C. Pieper, a 24-year-old union leader in Atlanta, took that message to heart. \n \nOn Oct. 30, Pieper staged a brief sit-down strike at the Atlanta plant to protest, among other things, not being able to distribute union literature in the plant. On Nov. 6, the local presented its demands to management figuring they would be rejected. \n\nAs the plan materialized, union officials asked other GM locals for support. Autoworkers at Missouri GM plants in Norwood, Kansas City and St. Louis, said they were on board. So were locals in Toledo, Ohio, Janesville, Wisconsin and in Flint.  Even the community supported the workers with food and fuel. The strikers had ""food"" squads” which went to the city markets in the area and collected food the food the farmers couldn’t sell each day.  Miners from Birmingham, Alabama also sent coal to keep the strikers warm. \n\nOn Nov. 17, the Atlanta Fisher Body workers stopped working and sat down to protest a worker being laid off for wearing a union button to work. Protestors remained in the plant overnight and the next morning took up picket signs outside. They met with Chevrolet employees and they too voted to strike. By Nov. 24, the strike has spread to the parts and service division of the Atlanta plant.\n\nIt was nearing the Christmas season, a rush season for automotive production. The UAW called for more support for Atlanta. Workers sat down in two plants in Kansas City, Missouri, on Dec. 16. The strike spread to a Fisher stamping plant in Cleveland, Ohio, on Dec. 28. \n\nOn Dec. 30, more autoworkers sat down and this time attention turned to Flint. For 44 days the world watched as now 135,000 workers from plants in 35 cities in 14 states were striking GM.  \n\nGM caved and on Feb. 11, 1937, signed that first agreement with the UAW. That settlement covered GM workers nationally and led to recognition of the UAW in Atlanta.  The Atlanta workers held out for three long months to wait for their victory.#UnionHistory #PROUAW', 'Today, we celebrate the immense life and legacy of longtime UAW President Walter P. Reuther, who was born on this day in 1907. Born in Wheeling, West Virginia, Reuther was the son of a union activist, Valentine Reuther, and the older brother of Roy and Victor Reuther. \n\nAt fifteen, Walter left high school to become an apprentice toolmaker to help support his family. He moved to Detroit in 1926 and worked at the Briggs Manufacturing Company and the Ford Motor Company. During this period, he completed his high school education and attended what is now Wayne State University for three years.\n\nIn 1933, Ford dismissed him, possibly because of his organizing activities. At that point, he and his brother, Victor, withdrew their savings and embarked on a bicycle trip through Europe. The trip took them to the Soviet Union, where they worked at an automobile plant in Gorki. They returned to the United States in 1935.\n\nIn Detroit, Reuther became intensely involved in the newly‑formed United Automobile Workers Union, founding and becoming the first president of the West Side Local 174. At the 1936 UAW Convention, delegates elected him to the International Executive Board. At the 1942 convention, he was elected a vice president.\n\nReuther was a key leader, along with his brothers Victor and Roy, in the historic General Motors sit‑down strike of 1936-37. \n\nDuring an organizing campaign on May 26, 1937, at the Ford Rouge plant, Reuther and other UAW leaders were beaten by company ""servicemen"" in an incident that came to be known as the ""Battle of the Overpass."" \n\nWrote Curtis Hansen about the pivotal event: “Reuther and his companions were told to leave, allowed no time to respond or withdraw and immediately attacked by the Ford thugs. They were punched, kicked, picked up, slammed to the ground repeatedly, and after a severe beating, tossed down the stairs to the road below.”\n\nReuther served as director of the General Motors Department of the UAW from 1939 to 1948. He also served as director of the Fair Practices and Anti‑Discrimination Department, which was created in 1946 with William Oliver as co‑director.\n\nEven before the United States\' entry into World War II, Reuther conceived the idea of mass production of military planes using automobile plant facilities. Despite initial opposition from industry, the ""Reuther Plan,"" as it was known, was implemented once the country entered the war. \n\nAt the war\'s end, Reuther demanded a wage increase in negotiations with General Motors, coupled with the stipulation that GM not pass the cost along to the consumer through increased prices which would erode the advantage gained for the workers and contribute to inflation. Reuther failed to commit GM to this principle despite a 113‑day strike, but the confrontation established him as an innovative negotiator whose sights were set on broader goals than those of traditional unionists.\n\nAfter a bitter contest at the UAW convention in March 1946, Reuther was elected president of the UAW, narrowly defeating incumbent R.J. Thomas. He would hold the office until his death. Later that year, he was elected vice president of the CIO. \n\nOn April 20, 1948, he was again the victim of a physical attack. That night, Reuther and his wife, May, were in the kitchen of their modest home. He had just stepped to the refrigerator when a shotgun blast from outside hammered into his chest and right arm. The assailant, who was never found, escaped into the darkness, and Reuther was hospitalized for three months. \n\nIn 1952, Reuther succeeded Philip Murray as president of the CIO, and he led efforts to merge the CIO and the AFL, which came about in December of 1955. He then became a vice president of the AFL‑CIO and president of the Industrial Union Department. \n\nDisagreements over social issues, organizing unorganized workers, international labor and foreign policy, the Vietnam War, and other matters, in which Reuther urged a more activist stance, led to the UAW\'s withdrawal from the AFL-CIO in 1968.\n\nUnder Reuther\'s leadership, the UAW gained for its members, among other collective bargaining breakthroughs, the guaranteed annual wage, supplemental unemployment benefits, cost‑of‑living escalator and annual improvement factor provisions, pension plans, health insurance for workers and their families, and profit‑sharing plans. \n\n“He had a terrific sense of timing,” said Louis Seaton, who was vice president and chief labor negotiator for GM for twenty-three years. “Reuther was a master of it – knowing how long he could hold back until he made a move the union was ready for. I suppose it boiled down to the fact that he was a superb politician. He understood what it took to gain a position and what it took to maintain it.”\n\nWrote Solidarity magazine about Reuther’s bargaining strategy: “As Reuther often said, ‘establish the principle in the contract and then build on it.’ In that way, innovative contract principles, embodying important but seemingly modest gains, were expanded in subsequent negotiations into much broader benefits, giving increasingly greater security to workers and their families.” \n\nDuring his twenty‑four-year administration, the UAW established its identity as a powerful, well-organized union, successful in protecting the rights and interests of its members yet responsive to its social responsibilities.\n\nReuther saw that improved living conditions for workers could not be achieved solely at the bargaining table and used his influence to further social reforms. Throughout his career, he fought discrimination, and he was an active participant in the civil rights movement from its inception. In addition, he worked for improved housing, better education, medical care, consumer rights, and environmental causes. \n\n“Labor cannot make progress at the expense of the rest of the community,” Reuther would say. “Labor can make progress only as the rest of the community makes progress.” \n\nReuther advocated for union participation in the political process through political action committees, and under him, the UAW played a leading role in working for candidates advocating for pro-worker policies. “There\'s a direct relationship between the ballot box and the bread box, and what the union fights for and wins at the bargaining table can be taken away in the legislative halls,” Reuther famously said. \n\nWalter’s life was tragically cut short when he and his wife, May, who had shared in his beliefs and his work from the time of their marriage in 1936, were killed in the crash of a small plane while on their way to the UAW educational center at Black Lake, Michigan.\n\nSaid G. Mennen Williams, the governor of Michigan at the time of Reuther’s passing: “Walter Reuther affected the lifestyle of the United States like few in his generation. He made richer lives for millions and left this a better world.”']"
46,470,46_rwdsucallcrew_volunteers_2020victory_endorsed,"['rwdsucallcrew', 'volunteers', '2020victory', 'endorsed', 'elect', 'nyclaborvotes', 'bidenharris2020', 'voting', 'join', 'vote']","['Georgia voters: we need all hands on deck to get labor champions like Stacey Abrams and Reverend Raphael Warnock elected! Make sure you’re registered to vote by the October 11 deadline!\n\nRegister to vote: https://www.vote.org/state/georgia/\n\nFind RWDSU’s GA endorsements: https://www.rwdsu.info/rwdsu_endorsements_2022_georgia', '""Whether it was standing with workers seeking to organize their first union with RWDSU at Nestle, workers standing up to Amazon in Bessemer, or campaigning to win a pro-worker majority in the US Senate, Stacey Abrams was there."" - RWDSU Prez <redacted_mention>\n \nICYMI, RWDSU has proudly endorsed Stacey Abrams for Governor of Georgia: https://rwdsu.info/retail_wholesale_and_department_store_union_endorses_stacey_abrams_for_georgia_governor\n\nCC: Rwdsu Southeast Council', ""Across the country, RWDSU members are on the ground helping #GetOutTheVote for #BidenHarris2020! In Georgia, Rwdsu Southeast Council members joined Barack Obama to rally for Reverend Raphael Warnock and Jon Ossoff! We're proud to support candidates who fight for working families. #1u""]"
47,466,47_firefightercancerawarenessmonth_ffcancermonth_worldcancerday_support,"['firefightercancerawarenessmonth', 'ffcancermonth', 'worldcancerday', 'support', 'firefighters', 'service', 'our', 'duty', 'pfas', 'cancers']","['#FFCancerMonth: Please visit the resources developed by the Firefighter Cancer Support Network and the IAFF to help reduce cancer in the fire service including information on cancer screening. #FightFFCancer\n\nhttps://www.iaff.org/cancer-awareness-month/#how-to-get-started', 'Learn more about cancer in the fire service and how to reduce and prevent occupational cancer: https://www.iaff.org/cancer-awareness-month/', ""🔥🎗️ January is Fire Fighter Cancer Awareness Month. Occupational #cancer is the leading cause of line-of-duty deaths among fire fighters, and the #IAFF and the Firefighter Cancer Support Network are committed to providing members with the best prevention methods to reduce their risk of cancer.\n\nAs we turn the page to 2024, let's start the New Year off right by doing everything we can to prevent cancer on the job.\n\nReview and share our latest resources throughout the month: 🔗 www.iaff.org/cancer-awareness-month\n\n#FireFighterCancerAwarenessMonth""]"
48,458,48_1usafety_workers_workplace_workplaces,"['1usafety', 'workers', 'workplace', 'workplaces', 'workersmemorialday', 'protect', 'occupational', 'protections', 'safety', 'at']","['On April 28, the labor movement will once again observe Workers Memorial Day to remember workers killed or injured on the job and to renew the fight for strong safety and health protections. \n\nFind an event near you to help honor workers in your community. https://aflcio.org/about-us/conferences-and-events/workers-memorial-day', 'Today is International Workers’ Memorial Day, a day when we remember and honor our fallen brothers and sisters in the labor movement. It is a time to look back and mourn for workers killed and injured on the job, as well as a time to look ahead and rededicate ourselves to the fight for safe workplaces.\n\nLast year, many working men and women throughout the U.S. and Canada, including Teamsters, were killed and injured on the job due to unsafe conditions. We ask everyone to take a few minutes today to remember these workers.  \n\nForty-nine years ago, Congress passed the Occupational Safety and Health Act, promising every worker the right to a safe job. Decades of struggle by workers and their unions resulted in significant improvements in working conditions. Unions won regulations, standards and other protections that have made workplaces safer for all workers. Union contracts have also given workers a voice on the job.  \n\nStill, the toll of workplace injury, illness and death remains enormous. Some Teamsters within our union’s 22 trade divisions and conferences, both in the private and public sectors, are particularly at risk, suffering very high rates of job injuries and fatalities. Roadway incidents continue to be the leading cause of on-the-job fatalities and truck drivers suffer more on-the-job fatalities than any other individual occupation. \n\nOn this #WorkersMemorialDay, we need to join hands to seek stronger safety and health protections and better standards and enforcement. To quote Mother Jones, a small woman but a giant in the American labor movement, “Mourn for the dead and fight like hell for the living.”\n\nwww.teamster.org/workers-memorial-day-april-28-2019\n#IWMD19', ""This Workers’ Memorial Day let's remember those we've lost on the job and continue to fight for safety and dignity at work.""]"
49,456,49_congress_lawmakers_senators_cwa,"['congress', 'lawmakers', 'senators', 'cwa', 'congressweb', 'corporations', 'representative', 'negotiators', 'senate', 'oppose']","['Since the passage of fast track in Congress, we have a great deal to be outraged about. Now the deal heads to the White House for final approved, allowing the administration to push through terrible trade pacts like the Trans-Pacific Partnership (TPP). Since 2008, corporations supporting unfair trade have showered $218 million on senators that passed fast track this week. But the fight is not over! Now we turn the focus of our movement on the TPP itself. Read more about what comes next: http://teamsternation.blogspot.com/2015/06/the-war-against-bad-trade-deals.html', ""That's what Congress is supposed to do. But if Congress passes Fast Track legislation, it will only be able to rubber stamp the Trans-Pacific Partnership (TPP). You can make a difference by calling your representatives in Congress at 888-979-9806 and telling them to vote NO on Fast Track. \n\nFor an update on the fight against Fast Track, click here: \nhttp://teamsternation.blogspot.com/2015/02/anti-fast-track-protests-enter-2nd-week.html"", 'Fast Track and the TPP  will be a dangerous thing to us all.   #StopFastTrack #StopTPP']"
50,438,50_unions_workers_representatives_worker,"['unions', 'workers', 'representatives', 'worker', 'wages', 'lawmakers', 'labor', 'legislators', 'wage', 'work']","['Right to work means the right to work for lower wages and unsafe working conditions.  Right to work is wrong for everyone.', '👏💪 Michigan officially repealed right-to-work on Tuesday, making it the first state in nearly 60 years to repeal the law. \n\nMichigan passed its anti-union right-to-work law in 2012 along with Indiana in a false attempt to make the states more “competitive” for business. \n\nData shows that states with RTW laws have higher unemployment rates, fewer employer-sponsored healthcare benefits, and workers make lower wages. \n\nThe Michigan Professional Fire Fighters advocated for the repeal in the MI state legislature and under Governor Gretchen Whitmer’s leadership, legislation was signed in 2023 to repeal the law. This past Tuesday was the first day the law was officially off the books.\n\n📰 Read more about the repeal process from last year and hear from state leadership about why RTW laws are anti-worker and anti-union. \n\n➡️ https://www.iaff.org/news/right-to-work-repealed-in-michigan/', 'Right to work = right to work for less.']"
51,435,51_workers_wages_worker_congress,"['workers', 'wages', 'worker', 'congress', 'support', 'together', 'joining', 'careweek', 'independence', 'join']","['Home care workers are joining together to get better training to improve care, higher wages to support their families, and basic benefits like affordable healthcare and paid sick time. \n\nNow, in their latest attack on working people, billionaire-funded extremist groups are trying to silence home care workers and could endanger quality home care services. Take action by signing this petition to support home care workers who work hard to take care of our parents, grandparents and loved ones. #RiseUpHomeCare', 'Home care workers take care of your loved ones. This hard work and essential care allows parents, grandparents and people with disabilities to live with dignity and independence in their own homes. \n\nBy joining together, home care workers can get higher wages, basic benefits and training to provide better and safer care. All this is under attack in a transparent attempt to silence us. \n\nWe won’t be stopped. Sign this petition to speak up for quality home care. #RiseUpHomeCare', 'The Trump administration wants to deny home care workers the ability to choose to join together in strong unions and advocate for better care, higher wages, better training, and basic benefits.\n \nHome care is one of the fastest growing jobs in the nation and it’s crucial to ensuring seniors and people with disabilities remain at home living with dignity and independence. This rule would jeopardize quality home care.\n \nHome care workers are ready to fight in court for our rights, our dignity and the quality of home care services. Join the fight: seiu.org/RiseUpHomeCare #RiseUpHomeCare']"
52,426,52_teachers_students_public_education,"['teachers', 'students', 'public', 'education', 'educators', 'federal', 'crisis', 'lawsuit', 'protection', 'nea']","['Student loan borrowers don’t have to make a loan payment until Aug. 31, thanks to a Biden administration extension. But public service workers need more student loan relief. Find out how AFSCME is fighting to provide that relief and see if you’re eligible to have your student loans forgiven.', 'Great news: First it was 30,000, then 70,000 – now 100,000 dedicated public service workers qualify for student loan forgiveness because of changes made by the Biden administration to the Public Service Loan Forgiveness (#PSLF) program.\n \nAFSCME pushed hard to expand the number of public service workers who are eligible for federal student loan relief and provides members with tools to navigate the PSLF process. Visit the AFSCME Student Debt Resource page to learn more: http://www.afscme.org/studentdebt\n \nLet’s continue to raise our voices and encourage more relief for all working people who are saddled with crushing student debt.', 'At the end of 2020, student borrowers owed $1.7 trillion in federal and private student loans. About 20% of student loan borrowers are in default and that number could grow to 40% by 2023. \n\nWhat has your experience been with student debt and loan forgiveness? Click here to tell your story, and to tell your lawmakers what debt cancellation would mean for you and your family.']"
53,405,53_congress_legislation_legislative_union,"['congress', 'legislation', 'legislative', 'union', 'workers', 'crews', 'org', 'proposed', 'crew', 'bill']","['Today, Vince Verna, Vice President and National Legislative Representative of the Brotherhood of Locomotive Engineers and Trainmen (BLET), testified at a Federal Railroad Administration hearing in support of its proposed minimum crew size rule. The push by major freight rail carriers to eliminate one of the two qualified crew members that currently work in locomotive cabs is one of the biggest existential threats facing rail operating employees.\n\n""Determining train crew size and train size by the whims of the financial markets cannot be allowed,"" Verna testified. ""A railroad that attempts to game their operations according to a business model designed for other industries does so at their employees’ and the public’s peril. Railroad employees who work in the cab of the locomotive know best when it comes to safe train operations. Through their actions, train crews help safeguard lives and the lives of the public.""\n\nAt its core, the issue of crew size is a safety issue. Rail workers are already suffering from longer shifts, unpredictable schedules, and fatigue. Trains that are miles long, weigh thousands of tons and are often carrying hazardous materials cannot be safely operated by one worker. When rail companies are allowed to operate at less than bare minimum labor capacity, it results in more supply chain disruptions and severe safety risks for rail workers and the communities their trains travel through.\n\nThe push by rail bosses to reduce train crews despite enjoying historic profits from one of the most lucrative industries in America - and after cutting more than 30 percent of rail jobs since 2017 - is part of a larger problem affecting the entire supply chain. Whether it\'s the rail carriers, UPS, or freight companies, there is a united strategy by employers to purposefully understaff operations and push workers to their breaking point. Why? Because there is seemingly no profit margin large enough to satisfy these 21st Century robber barons.\n \nThe minimum crew size rule is an essential safety regulation that needs to be implemented to rein in the rail industry\'s greed and protect workers. The International stands with the BLET in support of this regulation.', 'SMART-TD members in California stood in strong solidarity for rail safety last week:', 'SMART TD Rail Safety Alert for Members  https://smart-union.org/news/rail-safety-alert-it-is-time-to-lead/']"
54,403,54_union_unions_laborers_worker,"['union', 'unions', 'laborers', 'worker', 'voting', 'support', 'candidates', 'members', 'ua', 'feelthepower']","['Sarah, a proud Wisconsin Laborer, says it best: ""A vote for Kamala is a vote for my union."" Stand with your union and Kamala Harris on November 5 to protect our #UNION rights and secure a better future. #WhenWeFightWeWin #FeelThePower #LIUNAVotes \n\nWATCH:', 'Kamala Harris will fight for America’s workers! She know that #unions built the middle class and are our ticket to prosperity. \n#FeelThePower #WhenWeFightWeWin\n \nCheck out Kamala’s pro-worker plans: https://www.liunaforharriswalz.org/kamala-harris', ""Kamala Harris is for working people. I'm voting for Kamala Harris!\n#StandUpUAW #GOTV""]"
55,393,55_union_unionize_unionsforall_unionized,"['union', 'unionize', 'unionsforall', 'unionized', 'sbworkersunited', 'solidarity', 'starbuckssolidarity', 'corporations', 'starbucksunion', 'solidarityseason']","['Big win for Starbucks workers!!! 🎉🎉🎉', 'More Starbucks workers won their union today!', 'Solidarity with Starbucks workers fighting for their union. ✊']"
56,392,56_workers_mlkday_labor_honoring,"['workers', 'mlkday', 'labor', 'honoring', 'commemorate', 'celebrate', 'rights', 'unite', 'honor', 'work']","['Today, we continue to honor the life and legacy of Dr. Martin Luther King, Jr.', 'Today, and every day, we honor Dr. Martin Luther King Jr.', 'Today we honor the legacy and life of Dr. Martin Luther King, Jr.']"
57,388,57_womeninconstructionweek_apprenticeship_committee_org,"['womeninconstructionweek', 'apprenticeship', 'committee', 'org', 'womenbuildnations', 'conference', 'womeninconstruction', 'organizer', 'utm', 'local']","['#IBEW sisters take the streets of New Orleans at Tradeswomen Build Nations conference. Tradeswomen Build Nations', ""North America's Building Trades Unions' annual Tradeswomen Build Nations conference, the largest gathering of tradeswomen in the world, is going to be held in Washington, DC from December 1-3. \n\nTo learn more and register: https://nabtu.org/twbn"", 'Tradeswomen Build Nations kicks off this Friday! Last chance to register here: https://nabtu.org/twbn/ and RSVP for the SMART welcome event here: https://www.eventbrite.com/e/smart-women-at-tradeswomen-build-nations-las-vegas-tickets-419304520107.']"
58,380,58_org_california_local_work,"['org', 'california', 'local', 'work', 'ca', 'warehouse', 'fed', 'job', 'sanitation', 'francisco']","['Shout out to Local 986 Teamsters at American Airlines! 👍', 'Shout out to Local 350 Teamsters on the job!', 'Shout out to Local 986 members at work ️💪']"
59,376,59_usfa_association_firefighters_mayors,"['usfa', 'association', 'firefighters', 'mayors', 'event', 'paramedics', 'fighters', 'iaffmayorsfireops', 'uscm', 'officers']","['Does your mayor fully understand what fire fighters do every day to protect your community? FIRE OPS 101 is one of the most powerful tools for educating elected officials on what it takes to be a fire fighter. Register today! www.iaff.org', 'Check out the action-packed photos from the Des Moines FIRE OPS 101 event on July 9 - legislators were awed by what it really means to be a fire fighter: http://bit.ly/2toko0v \n\nLocals that participated:\nIowa Professional Fire Fighters \nDes Moines Firefighters \nMuscatine Professional Firefighters IAFF Local 608 \nSioux City Professional Fire Fighters Association - I.A.F.F. Local 7 \nIowa City Professional Firefighters IAFF Local 610 \nCouncil Bluffs Professional Fire Fighters Association IAFF Local 15 Ames Professional Firefighters Local 625 \nBurlington Iowa FireFighters Local 301\nDavenport Association of Professional Firefighters Local #17', 'The New York State Professional Fire Fighters Association is hosting a Fire Ops 101 event Tuesday.Fire Ops provides elected and appointed officials and the media with a hands-on opportunity to better understand how fire fighters do their jobs everyday.']"
60,356,60_renews_provide_demands_protections,"['renews', 'provide', 'demands', 'protections', 'ca', 'members', 'public', 'protect', 'protection', 'assault']","['Another day, another attack on a bus driver. All transit workers deserve better protection on the job #notonemore', ""Another day, another attack on a transit worker. It's time for better protections for transit workers and riders.#NotOneMore"", 'Time for better protections for all transit workers and riders. #NotOneMore']"
61,354,61_stimulus_committee_congress_security,"['stimulus', 'committee', 'congress', 'security', 'retirements', 'lawmakers', 'protectourpensions', 'teamsters', 'plans', 'legislation']","['TEAMSTERS TAKE ACTION!\nMore than 150 Teamster workers and retirees headed to Capitol Hill today to urge their members of Congress to support pension reform changes that would protect the retirements of some 1.5 million Americans that are currently jeopardized. The bipartisan House-Senate Joint Select Committee on Solvency of Multiemployer Pension Plans was created earlier this year and ordered to work on a fix to the looming pension crisis. It has until Nov. 30 to come up with a solution that can then be forwarded to the rest of Congress for consideration. \n\nTell your Congressperson that you support the only legislation already introduced that will provide a path to financial health for troubled pension plans, alleviate pressure on the Pension Benefit Guaranty Corporation, and ensure that retirees and active Teamster members receive all of the benefits that they earned – the Butch Lewis Act! \nCLICK HERE to Take Action: http://ibt.io/PensionLobbyDay2018 \n\n#ProtectOurPensions', 'HAPPENING NOW: Teamsters are standing with other union brothers and sisters and their families taking action in Columbus, Ohio to put a spotlight on America’s growing pension crisis. With hundreds of multiemployer pension plans facing insolvency in the next 10 years, we’re calling on Congress to act now. The retirement security of millions of active and retired workers is threatened through no fault of their own. \n\nPlease call 888-979-9806 now to tell members of the congressional Joint Select Committee on Solvency of Multiemployer Pension Plans and your representative in Congress that it’s time to #ProtectOurPensions. \n\nCLICK HERE TO TAKE ACTION: http://ibt.io/E-ActivistPension\n\nAfter you make the call, text “Pension” to 86466 to join the fight for\nretirement security!\n\nUnited Mine Workers of America\nBCTGM International Union\nOhio AFL CIO\n#PassButchLewisAct', 'Today, Teamsters are headed to Capitol Hill to lobby members of Congress and put a spotlight on America’s growing pension crisis. With more than a hundred multiemployer pension plans facing insolvency in the next 10 years, we’re calling on Congress to act now. The retirement security of millions of active and retired workers is threatened through no fault of their own. \n\nPlease call 888-979-9806 now to tell members of the congressional Joint Select Committee on Solvency and Multiemployer Pension Plans and your representative in Congress that it’s time to #ProtectOurPensions. After you make the call, text “Pension” to 86466 to join the fight for retirement security!']"
62,349,62_teamsters_members_brothers_go,"['teamsters', 'members', 'brothers', 'go', 'strong', 'local', 'stay', 'family', 'at', 'republic']","['Congrats to Local 396 members at Waste Management in Irvine, CA who ratified their new contract on Friday! The agreement includes wage increases and other improvements.\n\nWay to go, Teamsters! 🙌', 'Congratulations to Local 986 members at Hill Brothers Chemical in City of Industry, CA who just ratified a new contract with wage increases and other improvements! ✊', '🙌 Congrats to Local 104 members at Cemex Central in Arizona. Last week these Teamsters ratified a new contract with wage increases and other improvements.\n\nWay to go, brothers and sisters!']"
63,346,63_workers_solidarity_staffing_housekeepers,"['workers', 'solidarity', 'staffing', 'housekeepers', 'org', 'housekeeping', 'jobs', 'industry', 'housekeeper', 'marriotttravelalert']","['Thousands of San Francisco hotel workers remain on strike at:\n\n❌ Palace Hotel\n❌ Westin St. Francis\n❌ Marriott Union Square\n❌ Hilton Union Square\n❌ Grand Hyatt\n❌ Marriott Marquis\n\nDon’t get caught in a striking hotel. Use FairHotel.org to find another one.', '‼️BREAKING ‼️ Over 1,500 hotel workers walked off the job Sunday at Hilton, Hyatt, and Marriott hotels in San Francisco!\n\n2K+ hotel workers are ON STRIKE in San Diego & San Francisco. More strikes could start soon. UNITE HERE Local 2 UNITE HERE Local 26', ""🗣️ MORE HOTEL STRIKES!\n\nNearly 2,000 hotel workers are now ON STRIKE at Hilton, Marriott, and Omni hotels in Boston and San Diego, including the largest hotel in Boston and the oldest continuously operating hotel in the country.\n\nWe're going to keep up the fight until hotels respect us and our guests. More strikes could begin soon in other cities.""]"
64,342,64_workers_employers_gov_workplace,"['workers', 'employers', 'gov', 'workplace', 'roofersafety365', 'work', 'antennas', 'protect', 'occupational', 'protections']","['Each year, both indoor and outdoor workers lose their lives or become ill due to heat exposure in the workplace. With an effective heat illness prevention program in-place, heat-related deaths are preventable. Learn more from OSHA: https://www.osha.gov/heat', '☀️Today is the first day of summer and as temperatures rise, now is the time to make sure employers are taking the steps necessary to protect workers from heat stress and heat-related illness.\n\nRead more about workplace strategies for hot weather safety:', 'Rain or shine, UWUA members are hard at work keeping our communities running.\n\nAlthough illness from heat exposure is preventable, thousands of workers become sick every year from heat exposure on the job, and it can be deadly.\n\nThat means as temperatures begin to rise this spring and into the summer, many UWUA members will face increased risk of heat illness, so it is important we stay vigilant! \n\nDownload the OSHA-NIOSH Heat Safety Tool:\nhttps://www.osha.gov/heat/heat-app']"
65,341,65_delegates_retirement_leadership_employees,"['delegates', 'retirement', 'leadership', 'employees', 'weareessential', 'staff', 'members', 'benefits', 'csea2016', 'year']","['CSEA Board Members and staff are on their way to this month’s out-of-town Board Meeting tomorrow morning. Thank you to our union brothers and sisters in CSEA Los Angeles Chapter 500 for hosting!', 'Valdepeña elected Association President as 91st Annual Conference comes to close\n\nThe 1,600 member-delegates finished their business at CSEA’s 91st Annual Conference by electing Ben Valdepeña as Association President for the next two years. \n\nValdepeña, a member of Yucaipa-Calimesa Chapter 209, said he is ready to lead the fight against the threats that we face and continue to build our great union’s strength and power. \n\n“I’m going to build a team that’s going to move this Association forward,” he said, encouraging all members to get involved in their chapters, submit volunteer applications to take on roles in the state association, and join our fight for our members, our shared values and our students.\n\nMatthew “Shane” Dishman, a member of Kern High Chapter 81, was elected Association First Vice President; Adam Weinberger, a member of Perris Valley Chapter 469, was elected Second Vice President; and Elizabeth “Beth” Saldaña, a member of Sweetwater Operations Chapter 258, was elected Association Secretary.\n\nDelegates bid farewell to five outgoing members of the CSEA Board of Directors: Association 2nd Vice President Delores Burke, Association Secretary Kerry Woods, Area A Director Martha Penry, Area C Director Marcos Gonzales and Area G Director John Nieto. \n\nAlong with the newly elected Association officers, three new Area Directors were sworn into office by former Association President Rob Feckner. Wayne Harris, a member of Woodland Chapter 118, is the new Area A Director; Machelle Kessinger, a member of Milpitas Chapter 281, is the new Area C Director; and Ivan Pastrano, a member of East Whittier Chapter 87, is the new Area G Director.\n\nDelegates and staff also bid a tearful but fond farewell to CSEA Member Benefits Director Jody Bell, who is retiring after serving CSEA members for 45 years. \n\nAs the 91st Annual Conference comes to a close, member-delegates make their way back to school districts throughout California—tired but full of energy and determination to fulfill CSEA’s mission of improving the lives of our members, students and communities.\n\nWe’ll see you all next year at CSEA’s 92nd Annual Conference, which will be held July 29-Aug. 2, 2018 at the Sacramento Convention Center.\n\n#CSEA91', 'Delegates complete action on resolutions and honor outstanding members\n\nOn the third day of the 91st Annual Conference, member-delegates completed action on resolutions, and still had time to acknowledge some of our union’s most outstanding members.\n \nDelegates got right to work when the business session opened, passionately debating and taking action on the remaining 11 resolutions before them. Resolutions 6 and 18 were approved. Resolutions 3, 12, 13 and 15 were rejected. Resolutions 10, 14 and 17 were withdrawn, and Resolutions 7 and 16 were referred to the CSEA Board of Directors for further study.\n\nCalifornia Public Employees Retirement System Board of Administration President and CSEA Life Member Rob Feckner reported to delegates on the health of the public pension system. Feckner, the longest-serving board president in the history of CalPERS, reported that the fund had an 11.4-percent return on investment last fiscal year and noted that the schools pool of the fund is 74 percent funded.\n\n“We are healthy but we can’t rest on our laurels,” Feckner said. \n\nDelegates also heard from CalPERS Board member and former CSEA President Michael Bilbrey, who is running for re-election to his seat on the board. CSEA is committed to re-electing Bilbrey to this important seat on the board to ensure we have two strong voices for our members.\n\nThe election will be held next month and for the first time, voters will have three ways to vote: by phone, paper ballot or online. Feckner reported that during the last Board of Administration election, only 7 percent of eligible CalPERS members voted. He urged every CSEA member to vote in the election, and to cast their ballot for Bilbrey for Member-at-Large Position B, as well as our endorsed candidate for Member-at-Large Position A, David Miller.\n\n“Let’s get out the vote for CSEA’s endorsed candidates,” Feckner said. \n\nBilbrey thanked members for their continued support and asked for help in this important election. He said your vote is your voice.\n\n“Make your voice heard,” Bilbrey said. “We are classified employees. Together, we can do anything!”\n\nPlease contact your field office to find out how you can support Bilbrey’s campaign.\n\nToday, delegates also honored some amazing members. Delia Alvarado from Retiree Council 5008 was named the 2017 William P. Schwartz Humanitarian of the Year. Alvarado’s dedication to fellow members and her community is awe-inspiring. Her story of recovery following the death of her son moved delegates to tears. She cooks meals and provides care packages for the homeless in her community, as well as providing special holiday gifts to them such as for Christmas, Valentine’s Day and Mother’s Day. \n\n“I want to them to feel loved and that someone cares,” Alvarado said. “Compassion costs nothing.”\n\nPeggy Wray, member of Lakeside Chapter 240, was named the 2017 Richard C. Bartlett Activist of the Year. Wray is an inspiration to her members, helping them to build power in the school district. In addition to increasing her chapter’s Victory Club members from five to 75, she helped build an alliance with the district’s teachers union to strengthen Chapter 240’s political presence. She said CSEA’s many training opportunities helped her grow as an activist. \n\n“Without the Membership Unity Program, Organizing Institute and my strong Labor Relations Representative, I wouldn’t be here today,” she said.\n\nMembers also presented awards to our union’s top communicators and honored the participants of the Membership Unity Program (MUP). This year’s MUP prize was awarded to Patterson Chapter 174.\n\nDelegates also honored the remaining three Members of the Year: Lisa Montelli, a media specialist with Saint Helena Chapter 287; Sue Studer, an account tech with Lucia Mar Chapter 275; and Ron Walker, a bus driver/custodian with Orland Chapter 456.\n\nThe third day of CSEA’s 91st Annual Conference was adjourned just before 10 p.m. Tomorrow’s events include the discussion and approval of the Association budgets, the Legislative Session, Education Days trainings and workshops, and the awarding of CSEA’s highest honors: Life Membership and Honor Roll.\n\n#CSEA91']"
66,334,66_cables_times_catchy_said,"['cables', 'times', 'catchy', 'said', 'itsbetterinaunion', 'organized', 'pulls', 'cracked', 'here', '4th']","['🎶You know dasher and dancer and prancer and cervixen...🎶', 'Just days after it was revealed Hulu had canceled “Reprisal”, Local 491 jumped into action to make sure furniture and props went to a good cause. ❤️', ""If you maybe need to get somebody something. Just sayin'💝💝💝""]"
67,326,67_laddersafetymonth_stopconstructionfalls_arrest_standdown4safety,"['laddersafetymonth', 'stopconstructionfalls', 'arrest', 'standdown4safety', 'cpwr', 'event', 'participate', 'us06web', 'roofersafety365', 'rescue']","['Did you know that falls are the leading cause of death in construction? Find ways to prevent falls at stopconstructionfalls.com #roofersafety365', 'It’s day 1 of the National Safety Stand-Down to Prevent Falls!  Do something today to protect your employees, yourself, or a co-worker from a fall. Find resources at: stopconstructionfalls.com #StandDown4Safety #roofersafety365', ""It's day 1 of the National Safety Stand-Down to Prevent Falls! Do something today to protect your employees, yourself, or a co-worker from a fall. Visit stopconstructionfalls.com to learn more #roofersafety365 #StandDown4Safety""]"
68,326,68_laborersunion_laborersrising_solidarity_union,"['laborersunion', 'laborersrising', 'solidarity', 'union', 'membersinaction', 'unionstrong', 'liunabuildsamerica', 'org', 'leaders', 'department']","['The LIUNA Difference', 'Together LIUNA members build America! #FeelThePower #UnionStrong', 'Terry O’Sullivan, General President of #LIUNA made the following statement: ""LIUNA Commends Julie Su’s Nomination as Labor Secretary""\n\nREAD STATEMENT HERE: https://www.liuna.org/news/story/liuna-commends-julie-sus-nomination-as-labor-secretary']"
69,324,69_union_unions_unionsforall_manufacturing,"['union', 'unions', 'unionsforall', 'manufacturing', 'thisunion', 'supply', 'made', 'work', 'provision', 'us']","[""REMINDER: Today General President Sean M. O'Brien, U.S. Senator Bernie Sanders, and Sara Nelson, President of the Association of Flight Attendants-CWA (AFA), are holding a major rally at 4 pm ET in Philadelphia on the Independence Mall. On Sunday, O’Brien, Sanders, and Nelson will hold a second rally in Boston at Cambridge Common Park on Waterhouse St. and Massachusetts Ave. at 1 pm ET.\n\nTune in at live.berniesanders.com.\n\n(Live stream from Philadelphia starts at 4 pm ET. The live stream from the Boston rally will begin tomorrow at 1 pm ET.)"", ""General President Sean M. O'Brien, U.S. Senator Bernie Sanders, and Sara Nelson, President of the Association of Flight Attendants-CWA (AFA), will be holding major rallies this weekend in Philadelphia and Boston. \n\nHear the General President talk about how Teamsters are organizing and mobilizing members to fight for an economy that actually works for working people. \n\nYou can watch the rallies live at live.berniesanders.com."", ""🚨 BREAKING NEWS: General President Sean M. O'Brien, U.S. Senator Bernie Sanders, and Sara Nelson, President of the Association of Flight Attendants-CWA (AFA), will hold a major rally on Thursday, June 16th at Teamster City in Chicago (Local 705 at 1645 West Jackson Blvd). \n\nHear the General President talk about how Teamsters are organizing and mobilizing members to fight for an economy that actually works for working people. \n\nDoors open at 5 PM. You can watch the rally live at live.berniesanders.com.""]"
70,323,70_union_unionized_workers_unionstrong,"['union', 'unionized', 'workers', 'unionstrong', 'wages', 'members', 'workplace', 'wage', 'contract', 'joined']","['#UFCWVictory ✊🏿✊🏻✊🏽✊🏾\n\nICYMI: Over 1,800 members of UFCW Local 2 at Triumph Foods in Missouri, ratified a new contract that includes improved benefits AND the largest wage increase in the company’s 15-year history!\n\nWay to go Local 2! #1u #UnionStrong\nhttps://bit.ly/3il8bWJ', '#UFCWVictory ✊🏿✊🏻✊🏽✊🏾\n\nICYMI: After months of negotiations & solidarity actions, over 7,000 CVS workers in California ratified their new contract!\n\nThe contract includes wage increases, health benefit improvements, and is a major step forward for essential workers. https://bit.ly/3bt95fN', '#UFCWVictory ✊🏿✊🏻✊🏽✊🏾\n\nICYMI: Over 7,000 California UFCW workers at Food 4 Less & Foods Co. ratified a new contract that raises wages & improves benefits.\n\nBig win for #EssentialWorkers who are keeping our communities fed & safe! #1u #UnionStrong']"
71,322,71_6840536189175401734_u_code_2a1nvwh_reminder,"['6840536189175401734', 'u_code', '2a1nvwh', 'reminder', 'tt_from', 'here', '44wwnhm', 'dbca550c7lcm0d', 'seiu', 'interlocal']","['Share if you agree!! 💪💪', 'Share if you agree', 'Share if you agree....']"
72,317,72_protests_strikeforblacklives_inauguration_discrimination,"['protests', 'strikeforblacklives', 'inauguration', 'discrimination', 'racialjustice', 'election', 'society', 'j20strikeforblacklives', 'our', 'justice']","['Never stop fighting for racial justice! #BlackLivesMatter', 'Never stop fighting for racial justice. #BlackLivesMatter #1u', 'Racial justice *is* economic justice. Our union will never stop fighting for racial justice! #BlackLivesMatter #1u']"
73,317,73_union_hfsworkersunited_workers_unionyes,"['union', 'hfsworkersunited', 'workers', 'unionyes', 'unionstrong', 'strike', 'labor', 'cornnutsstrike', 'solidarity', 'unites']","[""Solidarity with our fellow union members who work at Kellogg's, striking for the fair contract they deserve!\n\nSupport these workers by signing the petition: https://actionnetwork.org/forms/bctgm-kellogg #KelloggStrike #1u"", '#tbt Great RWDSU Six-State Conference in Grand Rapids, MI, last weekend! \n.\n<redacted_mention>, Rwdsu Local 110, Local 338 RWDSU/UFCW, RWDSU- CENTRAL STATES COUNCIL, RWDSU Local 386, <redacted_mention>, Michigan AFL-CIO, United Food and Commercial Workers International Union.', 'We stand in support of the workers at Kellogg! \nBCTGM International Union']"
74,315,74_corporations_companies_corporate_cwa,"['corporations', 'companies', 'corporate', 'cwa', 'federal', 'billionaires', 'financial', 'wealth', 'millionaires', 'economy']","['TAX THE RICH!', 'Tax the rich.', 'The House of Representatives voted to cut taxes for corporations and the 1% and make working families pay. According to the congressional Joint Committee on Taxation millions of middle income families will be paying higher taxes and many families will see their taxes increase immediately. The tax cuts for corporations, however, are permanent and gives corporations new incentives to send jobs overseas. Read more of CWA President Chris Shelton’s statement here: https://www.cwa-union.org/news/house-tax-plan-makes-working-families-pay-for-corporate-tax-cuts']"
75,312,75_union_steelworkers_steelworker_volunteer,"['union', 'steelworkers', 'steelworker', 'volunteer', 'usw', 'committee', 'uswcares', 'uswworks', 'proud', 'our']","['Nominations for the 2018 USW Jefferson Awards are closed, and next week our panel of judges will select a winner from USW staff, SOAR, and each individual district. All the nominations are strong; we are proud of every member who serves their community and excited to find out who this year’s winners will be… Be sure to keep an eye out on Facebook and Twitter as we roll-out the winner stories these next few months. If you’re interested in learning more about the USW Jefferson Awards and our winner selection process, go to usw.org/uswcares  #USWCares', 'Brigitte Womer of Local Union 1000 is District 4’s USW Jefferson Award winner because of her work helping the homeless, raising money for breast cancer research and leading her local’s Women of Steel and Next Gen committees in several service projects that support their community. Read her story to find out what it takes to be a USW Jefferson Award winner and to nominate a steelworker you know doing good things for next year’s awards: http://usw.to/282.  #USWCares', ""Are you or your local union organizing a community service project for a cause that you’re passionate about? We want to know what you're up to, so nominate your project for a Jefferson Award! To fill out a nomination form or to learn more about our partnership with the Jefferson Awards Foundation, visit www.usw.org/USWCares. #USWCares""]"
76,299,76_association_conference_firefighters_members,"['association', 'conference', 'firefighters', 'members', 'convention', 'leaders', 'affiliate', 'iaff100years', 'iafflegcon', 'uscm']","['IAFF General President Harold Schaitberger and General Secretary Treasurer-elect Edward A. Kelly at #IAFF16 convention.', 'IAFF General President Harold Schaitberger', 'IAFF General President Harold Schaitberger and General Secretary-Treasurer Ed Kelly are attending the Tennessee Professional Fire Fighters Association convention on Friday.']"
77,298,77_employers_workers_usda_federal,"['employers', 'workers', 'usda', 'federal', 'ufcwaction', 'companies', 'consumers', 'our', 'council', 'ufcw']","['""We remain concerned that poultry companies can request line speed waivers for individual plants. \n\nIn addition to putting poultry workers at greater risk of injury, eliminating line speeds puts consumers at risk by making it more difficult for both federal inspectors and quality control workers to properly check birds for contamination."" \n\nhttp://www.ufcw.org/2018/01/30/ufcw-statement-on-usdas-decision-to-reject-poultry-industrys-push-to-end-line-speed-limits/', 'WATCH: RWDSU Members and poultry plant workers JR and Mona from RWDSU Mid-South Council RWDSU Mid-South Council just spoke about the potential health hazards to children that increased poultry line speeds could have at the U.S. Department of Agriculture. Not to mention injuries to themselves. National Chicken Council your proposal is wrong for workers and wrong for the health and safety of our children. \n\nAFLCIO Global AFL-CIO <redacted_mention> United Food and Commercial Workers International Union', 'Jobs inside poultry plants are some of the most dangerous and difficult in America. The National Chicken Council, which is the poultry industry’s main trade association and functions to represent its interests to Congress and other federal agencies, wants to do away with a key protection to keep workers safe on the job: line speeds.\n\nhttp://www.ufcw.org/2017/11/16/three-things-you-should-know-about-poultry-line-speeds/']"
78,298,78_unionyes_union_unionized_reiunion,"['unionyes', 'union', 'unionized', 'reiunion', 'solidarity', 'org', 'proposed', 'bargaining2019', 'committee', 'national']","['Good morning to the UNION workers of REI Union SoHo, the first unionized REI store in the nation! #REIunion', 'ICYMI: retail workers at REI’s SoHo location are organizing the first union at any REI store! Give the workers a follow at REI Union SoHo to stay updated on their fight! #REIunion', 'HAPPENING NOW: REI Union SoHo is ON ULP STRIKE! REI Union SoHo has been bargaining with the company for nearly TWO years. Workers are fed up with REI’s bad faith bargaining and are demanding that REI reach a national contract with the REI Union by the end of 2024!']"
79,297,79_activists_labor_justice_rights,"['activists', 'labor', 'justice', 'rights', 'activist', 'proud', 'ufw', 'diversity', 'member', 'we']","['The UAW is proud to celebrate Hispanic Heritage Month, recognizing the contributions of Hispanic Americans to our country.', 'September 15 to October 15 is National Hispanic Heritage Month. In 2014, 9.2 percent of Hispanic and Latino workers were members of a union. We celebrate their important place in our labor movement and honor their contributions to this country. #HispanicHeritageMonth #PROUAW', 'This Hispanic Heritage Month, #LIUNA is proud to honor our Hispanic brothers and sisters and their contributions to our union and the labor movement.']"
80,291,80_labor_aft_community_solidarity,"['labor', 'aft', 'community', 'solidarity', 'leaders', 'organizer', 'influence', 'states', 'nation', 'united']","[""APWU continues to honor our Asian and Pacific Islander members during AAPI Heritage Month, and we're proud to celebrate their contributions to our union and the public Postal Service."", 'Happy Asian American and Pacific Islander Heritage Month! 🎉 Follow along with us this month as we highlight the diversity and labor contributions of the #AAPI community throughout history. #AAPIHeritageMonth', ""May is Asian Pacific American Heritage Month. This month we're celebrating the Asian American and Pacific Islander voices of the labor movement and learning more about why unions matter to them. #APALA""]"
81,287,81_unionists_weareunion_union_council,"['unionists', 'weareunion', 'union', 'council', 'partnershipworks', 'duty', 'members', 'secretary', 'work', 'councils']","['Great job Painters and Allied Trades District Council 35!', 'Great hit Painters and Allied Trades District Council 35! #PartnershipWorks!', ""What a day for everyone of our Brothers and Sisters in the International Union of Painters and Allied Trades and for the communities they've impacted. The very definition of Union Pride!\n\nThank you IUPAT District Council #58!\n#IUPATgivesback #IUPATwins2018 #PartnershipWorks!""]"
82,282,82_employees_congress_paycheck_workforce,"['employees', 'congress', 'paycheck', 'workforce', 'cosponsor', 'rights', 'government', 'our', 'protections', 'fund']","['Why people should care about what’s going on with TSA officers→', 'Our nation must do better by our TSA officers.', 'AFGE and TSA contract negotiations have ended but the fight is just beginning for TSA Officers.']"
83,280,83_union_delegates_organizing_council,"['union', 'delegates', 'organizing', 'council', 'leadership', 'apprenticeship', 'district', 'apprentices', 'work', 'convention']","['Our skilled trades provide opportunities that can transform lives and we’d like to expand the benefits of our union to as many people as possible.\n\nPlease join us in congratulating IUPAT District Council 77 LU 1293 brother Garrett Johnson on graduating his apprenticeship!', 'WATCH: New SMART General President Michael Coleman is sworn in by retired GP Joseph Sellers and the SMART General Executive Council.', 'Michael Coleman, a longtime SMART member with decades of leadership experience at the local and international level, assumed the position of SMART general president on June 1, 2023, following the retirement of Joseph Sellers on May 31. Coleman was elected general president by the SMART General Executive Council, which in turn was elected by delegates to the 2019 SMART General Convention.\n\n“It is the honor of my lifetime to serve this great union – one that has given myself and my family everything we have,” said Coleman. “General President Sellers has worked tirelessly to position this union for success in the future, from winning pro-worker federal legislation to helping oversee the Green Zone certification of the Sheet Metal Workers National Pension Fund. I look forward to building on his legacy and working to advance SMART members’ priorities.” \n\nRead more:']"
84,280,84_unionsforall_workersrights_unions_laborers,"['unionsforall', 'workersrights', 'unions', 'laborers', 'union', 'workers', 'us', 'worker', 'wages', 'unite']","['People across the country are standing together to say America Needs #Union Jobs. #WeRise to build stronger communities and improve the lives of working families across the country. Join:', 'People across the country are standing together to say “America Needs Union Jobs.” #WeRise to build stronger communities and improve the lives of working families across the country.\n\nShow your support for America’s working families  #UNION', 'People across the country are standing together to say America Needs Union Jobs. #WeRise to build stronger communities and improve the lives of working families across the country.\n\nShow your support for America’s working families #Union:']"
85,279,85_union_unions_nonunion_wages,"['union', 'unions', 'nonunion', 'wages', 'signed', 'wagegap', 'equalpay', 'paycheck', 'equalpayday', 'blackwomensequalpayday']","['Today is Equal Pay Day, bringing awareness to the fact that women still earn an average of 80 cents on the dollar for the same work. Unions are our best hope to close the unfair pay gap. Support equal pay for equal work! #OPEIU #1U #equalpay', 'March 12 is #EqualPayDay, symbolizing how far into this year women have had to work to earn the same amount men earned last year. Women earn just 78 cents for every dollar earned by men.\n\nWe can and must close the gender wage gap and ensure equal pay for equal work.', ""We all need enough to support our families and communities. It's time to end the wage gap. Equal pay for equal work.\n\nThe pay gap affects all women but it's worse for women of color. Black women are paid 64 cents, and Latinas 56 cents, for every dollar paid to White men. This pay gap exists at the beginning of a woman's post-college career. It's time to end the wage gap. Equal pay for equal work. #EqualPayDay""]"
86,276,86_union_solidarity_workers_strike,"['union', 'solidarity', 'workers', 'strike', 'standwithus', 'labor', 'voted', 'council', 'uawstrike', 'announcement']","['We stand in solidarity with UAW International Union GM workers.', 'Solidarity with UAW workers on strike at GM! ✊', 'Solidarity with UAW members on strike at GM! ✊']"
87,272,87_responders_honors_we_victims,"['responders', 'honors', 'we', 'victims', 'efforts', 'role', 'brothers', 'producer', 'who', 'nation']","['Today we remember and honor those we tragically lost on September 11, 2001. #NeverForget', 'Today, we remember all our union brothers and sisters, and all the victims who lost their lives on September 11, 2001. We’ll #NeverForget.', 'Today we remember all our union brothers and sisters, and all the victims who lost their lives on September 11, 2001. We’ll #NeverForget.']"
88,270,88_union_unions_elect_agenda,"['union', 'unions', 'elect', 'agenda', 'united', 'democratic', 'election', 'workers', 'endorses', 'endorsement']","['Thank you Joe Biden!', 'Thank you, President Joe Biden.', 'Thank you President Joe Biden']"
89,269,89_union_solidarity_workers_cwa,"['union', 'solidarity', 'workers', 'cwa', 'bargaining', 'support', 'strike', 'members', 'go', 'cwaers']","['Twenty-two AT&T Mobility members from across the country spent two days texting thousands of other CWA Mobility members to get them involved in efforts to demand better from the wireless industry. https://www.cwa-union.org/news/cwaers-mobilize-wireless-workers', 'After the tax bill passed, AT&T CEO Randall Stephenson promised the company would create 7,000 good, skilled, high-wage jobs. As negotiations between CWA Legacy T and AT&T begin, CWAers want to hold Stephenson to his promises. https://www.cwa-union.org/news/bargaining-update-82', 'CWA members at AT&T Midwest are fighting for a fair contract! It is time for AT&T to stop the layoffs and show us the good, high-wage jobs AT&T CEO Randall Stephenson promised. Read the latest bargaining reports here: https://www.cwa-union.org/news/bargaining-update-82']"
90,268,90_firefighters_assistance_iaffrecoverycenter_team,"['firefighters', 'assistance', 'iaffrecoverycenter', 'team', 'fighters', 'support', 'in', 'local', 'affected', 'facility']","['The IAFF Center of Excellence for Behavioral Health Treatment and Recovery exclusively for IAFF members opens March 5\nIAFFRecoveryCenter.com', 'The IAFF Center of Excellence for Behavioral Health Treatment and Recovery is exclusively for IAFF members. www.iaffrecoverycenter.com', 'The IAFF Center of Excellence for Behavioral Health Treatment and Recovery is for IAFF members – and IAFF members only.']"
91,266,91_fightforourfuture_justice_leaders_officials,"['fightforourfuture', 'justice', 'leaders', 'officials', 'protect', 'join', 'corporations', 'nurses', 'joining', 'our']","['Climate change is a racial justice issue. Climate change is an economic justice issue. Pass it on.', 'Climate change is a public health issue.', 'We need climate action now!']"
92,262,92_union_unions_workers_worktogether,"['union', 'unions', 'workers', 'worktogether', 'freedomtojoin', 'council', 'join', 'sector', 'we', 'corporate']","['We won’t let Janus or any other court case stand in the way of our fight for good, union jobs for working people.', ""Who is behind the anti-union Janus vs. AFSCME Supreme Court Case? Hint: It's not Mark Janus."", 'How the Janus Supreme Court Case can change the way unions work →']"
93,259,93_lawmakers_nation_firearms_us,"['lawmakers', 'nation', 'firearms', 'us', 'our', 'action', 'we', 'safety', 'teachers', 'massacre']","['We will stand together to end gun violence.', 'We should all be safe from gun violence.', 'Today is National Gun Violence Awareness Day. 🧡   We CAN end gun violence.']"
94,259,94_committee_aftra_sagawards_guild,"['committee', 'aftra', 'sagawards', 'guild', 'sagaftramember', 'presenters', 'at', 'jobeth', 'sagaftramembers', 'annual']","['Who will be taking home #TheActor? Find out TOMORROW! 🌟 The 30th Annual Screen Actors Guild Awards will be streaming live only on Netflix at 8 ET/5 PT. Tag your watch buddy below! 👇 #SagAwards', 'It all goes down tomorrow morning. #sagawardsnoms  #sagawards Follow Screen Actors Guild Awards and SAG-AFTRA to stay connected.', 'Today is the 23rd Annual Screen Actor Guild Awards ✨✨#sagawards']"
95,254,95_mentalhealthawarenessmonth_worldsuicidepreventionday_mentalhealthawareness_worldmentalhealthday,"['mentalhealthawarenessmonth', 'worldsuicidepreventionday', 'mentalhealthawareness', 'worldmentalhealthday', 'mentalhealthmonth', 'suicidepreventionmonth', 'helping', 'crisis', 'wellbeing', 'national']","[""Part of creating real solutions for a better life is caring for each others' well-being and mental health. \n\nIn recognition of Suicide Prevention Awareness Week, here are some helpful resources on talking to students about suicide & mental health from Share My Lesson. https://sharemylesson.com/collections/mental-health-awareness"", ""Take the pledge to STAND Up for Suicide Prevention and connect members with resources to get the help they need. May is Mental Health Awareness month and a great opportunity to highlight the importance of taking care of the emotional and mental well-being of our members. \n\nMental health is a huge component of Construction Industry Alliance for Suicide Prevention's suicide prevention efforts and one really cannot be addressed without the other. Because of this, we feel that May is the perfect time to take the pledge to STAND Up for Suicide Prevention. \n\nNo matter what your role in the industry, there is a pledge for you. Local unions, contractors, project owners, service providers like CPAs and insurance companies--we all have a role to play in addressing mental health and suicide prevention in the construction industry.\n\nIf you have pledged, please let others know--and encourage them to do the same. Post the actions you are taking on social media, tag us, and use the hashtag #STANDupforSuicidePrevention"", 'Attn: Local unions and contractors\nSeptember is Suicide Prevention Month. In the construction industry, mental health awareness and suicide prevention are just as important as job safety issues.\nNow is the time for the industry to STAND up for suicide prevention and address it as a health and safety priority by creating safe cultures, providing training to identify and help those at risk, raising awareness about the suicide crisis in construction, normalizing conversations around suicide and mental health, and ultimately decreasing the risks associated with suicide in construction. Will you take the pledge to STAND up?!']"
96,243,96_union_unionsportsmen_sweepstakes_sportsmen,"['union', 'unionsportsmen', 'sweepstakes', 'sportsmen', 'census', 'win', 'roofers', 'membership', 'brotherhood', 'out']","[""A new season of the Union Sportsmen's Alliance's television series Brotherhood Outdoors kicked off with the hunting trip of a lifetime for one union member."", ""🎣Are you HOOKED on the great outdoors?🎣 Enter for your chance to win the Union Sportsmen's Alliance Big Catch Giveaway.\nLearn more at: https://buff.ly/3yRHOmD\n\nUWUA members are eligible for free membership in The Union Sportsmen’s Alliance."", 'Check out one of our union brothers hunting in Southwest Texas in this ""Brotherhood Outdoors"" episode thanks to Union Sportsmen\'s Alliance!']"
97,237,97_burnawarenessweek_cwa_holiday_thanksgivingday,"['burnawarenessweek', 'cwa', 'holiday', 'thanksgivingday', 'thanksgiving', 'alert', 'heaters', 'nbaw', 'iaffsafetytips', 'iaff']","['Be safe this holiday season! #IAFFSafetyTips', '#IAFFSafetyTips', '#IAFFsafetytips']"
98,236,98_agency_employees_congress_duty,"['agency', 'employees', 'congress', 'duty', 'employee', 'lawmakers', 'fired', 'apolitical', 'federal', 'protections']","[""Federal workers aren't political pawns and the Biden Administration is making that clear.\n\nHere's what you need to know about the new rule that would protect civil servants from political interference ⬇"", 'Mick Mulvaney’s comments confirm what our union has been saying all along: the administration’s decision to transfer hundreds of USDA jobs from D.C. isn’t about helping federal employees do their jobs better or delivering better services to the American taxpayer. Their goal is to drive out hardworking and dedicated civil servants and silence the parts of the agencies’ research that the administration views as inconvenient.', ""Federal employees are permitted to express their opinions privately and publicly on political subjects, including writing a letter to the editor or posting a comment/blog online endorsing a candidate.\n\nThe Hatch Act expressly prohibits federal employees from engaging in political activity while on duty or on federal property and federal employees may not use their official authority to interfere with the result of an election. Federal employees may not solicit, accept, or receive political contributions at any time.\n\nAs long as the employee's endorsement is in his/her personal capacity and does not identify his/her federal position or office, request for political contributions, or provide information about where voters may contribute, there is no prohibition on writing a letter to the editor or posting an endorsement online.\n\nIf you have a question about whether something is allowed, contact your National Legislative Committee member. https://www.natca.org/index.php/legislative-home""]"
99,232,99_workforce_department_administration_members,"['workforce', 'department', 'administration', 'members', 'ua', 'sector', 'news', 'uwua', 'plumber', 'construction']","['Nuclear Energy = UA Jobs.\n\nIt’s as simple as that.', 'Hydrogen infrastructure is essential to meeting our nation’s shared energy and climate goals. \n\nUA members are ready to continue our important work building the future of clean energy.', 'Great news for our members! Investments like these from the U.S. Department of Energy help create more jobs for UA members working on nuclear energy projects to restore American energy dominance. The Biden-Harris administration knows more nuclear energy means more UA jobs. https://www.energy.gov/articles/biden-harris-administration-announces-900-million-build-and-deploy-next-generation-nuclear']"
100,229,100_union_unionplus_members_member,"['union', 'unionplus', 'members', 'member', 'events', 'benefits', 'suv', 'suvs', 'when', 'service']","['Via Union Plus: Got spring travel plans? Lock in a car rental and use your Union Plus discount to save up to 35% off base rates with the PAY NOW option from Avis and Budget. Book now and save! https://unionplus.click/mwi', 'This Memorial Day weekend, shop new and used cars online with the Union Plus Auto Buying Service to find your next car. Plus, access union-member perks, like a $100 rebate on new union-made cars and up to $2,000 in post-sale benefits when you report your purchase. https://unionplus.deals/abs', 'This Memorial Day, shop new and used cars online with the Union Plus Auto Buying Service to find your next car. Plus, access union-member perks, like a $100 rebate on new union-made cars and up to $2,000 in post-sale benefits when you report your purchase. https://unionplus.deals/abs']"
101,229,101_northamericasbuildingtradesunions_natcafamily_natcasw_afacwa,"['northamericasbuildingtradesunions', 'natcafamily', 'natcasw', 'afacwa', 'twitter', 'nowthisnews', 'nswlegislative', 'news', 'faa', 'natcalocal']","['https://www.facebook.com/unionplus/posts/10157783718551955', 'http://www.facebook.com/174311909277106/posts/1677956265579322', 'https://www.facebook.com/FAA/posts/4989387511102831']"
102,225,102_employment_workers_employers_union,"['employment', 'workers', 'employers', 'union', 'employees', 'gov', 'worker', 'legislation', 'companies', 'labor']","['LET’S BAN CAPTIVE AUDIENCE MEETINGS IN ILLINOIS!\n\nThe Illinois Worker Freedom of Speech Act would ban mandatory attendance at captive audience meetings. The legislation has passed both chambers of the state legislature and now awaits Governor’s Pritzker’s signature to make it law.\n\nJoin the Teamsters in demanding that the Worker Freedom of Speech Act be signed into law!', ""While captive audience meetings are infamously used by management at Walmart, Amazon and Starbucks, they are also used daily in the construction industry to dissuade and chill organizing efforts among immigrant workers.\n\nIt’s time to finally make these captive audience meetings illegal!\n\nRead our full statement about NLRB GC Abruzzo's memo that reccomends the NLRB ban captive audience meetings here: https://www.iupat.org/news/statement-iupat-nlrb-captive-audience"", 'With Teamsters support, a ban on captive audience meetings has become law in California. 💪  \n\n In the last two years, eight Teamsters-backed bills have been signed to ban captive audience meetings.']"
103,224,103_regulations_federal_policies_department,"['regulations', 'federal', 'policies', 'department', 'debt', 'teachers', 'unqualified', 'agenda', 'educators', 'students']","[""Who was Betsy DeVos's Education Department  protecting here? Not students, that’s for sure. 🤔"", 'Rally to Tell Senate �NO� on Betsy DeVos', 'Betsy DeVos has been a disaster as education secretary.']"
104,221,104_infrastructureweek_projects_jobs_construction,"['infrastructureweek', 'projects', 'jobs', 'construction', 'infrastructurenow', 'infrastructurebill', 'congressional', 'transportation', 'economy', 'infrastructure']","[""#AFLCIO17 Resolution 7 Passed\nReviving our Communities and Putting Millions to Work in Rebuilding the Country\n\nOur nation has the ability to create a better, brighter and more prosperous future by investing much more in infrastructure. We can create millions of good jobs, increase long-term growth, become globally competitive, improve Americans' quality of life and protect their health. \n\nThe American Society of Civil Engineers tells us that to bring our existing infrastructure up to acceptable standards, we need to invest $4.6 trillion over the next 10 years—yet our current funding is more than $2 trillion short of that figure. To be globally competitive, we also must invest upward of $2 trillion in the transportation, energy and communications technologies of the 21st century. \n\nEveryone understands the severity of our investment deficit problem. The challenge is overcoming the lack of political will.\n\nThe labor movement expects Congress to work with the administration to achieve the promises President Trump made in 2016 for a $1 trillion infrastructure plan. Yet we know that $1 trillion is not enough to fund existing needs, much less to invest in new infrastructure. The labor movement will fight for an infrastructure program that goes beyond this down payment and comprehensively invests in our nation's future. On this issue, we demand political leadership from both parties. The AFL-CIO and its affiliates support a substantial, long-term infrastructure investment plan, one that lifts up working people, grows the economy, creates high-road jobs and provides increased opportunity for people of color and women. \n\nWe know that the only way to advance a long-term infrastructure modernization plan is through a commitment to long-term federal funding. \n\nWe will not tolerate irresponsible experiments that devolve federal responsibilities for infrastructure to cities and states. This misguided idea will only result in reduced spending for desperately needed infrastructure upgrades and a gutting of federal standards designed to support middle-class jobs.\n\nWe also are concerned with proposals to sell public assets to pay for infrastructure. These proposals raise serious public interest concerns and are no substitute for the level of direct public investment needed to reverse decades of neglect.\n\nWe will demand that any infrastructure package maintain longstanding federal policies that protect working people with high labor standards to ensure that infrastructure investments create good jobs.\nWe support fundamental labor standards that should accompany all federally assisted projects: Davis-Bacon Act prevailing wages, section 13(c) transit protections and applicable rail labor standards. We will make sure that collective bargaining agreements, and family-supporting wages and benefits, are not gutted by low-wage bids, and we will protect public-sector employees' pay, rights and benefits when special interests push privatization and contracting-out schemes.\nWe will advocate for public procurement strategies for goods and products that are inclusive, create opportunity for all Americans, strengthen and extend Buy American requirements, and help revive domestic manufacturing. We should reward employers that pay family-sustaining wages, train employees, hire from disadvantaged communities, and help people of color and women secure good jobs. \n\nWe will reach into our communities—urban, suburban and rural—to help more Americans obtain workforce development opportunities that lead to middle-class careers, which our failure to invest has left out of reach for too many.\n\nWe cannot and will not tolerate more inaction. The future prosperity of working families and our communities across America is at stake, as is our national commitment to the simple but powerful idea that when we invest in the nation's infrastructure, our economy expands and working people thrive."", ""INFRASTRUCTURE CANNOT WAIT!!!! The time is NOW to pass to pass the Bipartisan Infrastructure Bill.  The #BipartisanInfrastructureBill is a historic #infrastructure deal that will create opportunities for millions of Americans by making the largest infrastructure investment in a century, creating a generation of good-paying #union jobs, and boosting economic growth. This historic investment will position American workers, small businesses and families to succeed in the 21st century.\n\nLet's #BuildBackBetter… #BIFDeal"", 'We need that #infrastructure plan now...']"
105,218,105_workers_wages_wage_providers,"['workers', 'wages', 'wage', 'providers', 'we', 'work', 'childcare', 'education', 'state', 'economy']","['The Child Care Fight for $15 and SEIU have radically changed the conversation around child care over the past year. Child care providers have marched, rallied, shared their stories with the media and lobbied elected officials. We are continuing the fight and won’t stop until child care providers gain the respect, pay and rights they deserve. #LaborDay #ChildcareForAll', 'Child care workers need a raise, parents need affordable care options. Show your support for the Child Care For Working Families Act.', 'Lawmakers must act to invest in solutions that increase child care supply, support child care workers, and make quality child care affordable for working families.']"
106,214,106_occupational_opportunities_industry_safety,"['occupational', 'opportunities', 'industry', 'safety', 'skills', 'education', 'trainers', 'apply', 'institute', 'department']","['Did you know that all of the IATSE TTF’s classes are free? Learn more and apply at iatsetrainingtrust.org.', 'Think you know all the resources of the IATSE TTF? Well, think again! Join the IATSE Education and Training Department and Liz Campos, Executive Director of the IATSE Training Trust Fund to learn about the little-known resources of the TTF. From the Training Tracker to the Vendor Training Options, the IATSE TTF has tons of resources to help take your Local’s training program to the next level! RSVP here: http://iatse.co/whatsnewatthettf', '23 IATSE members from 11 different locals attended the TTF Train the Trainer in Seattle this past weekend! Learn more about the IATSE Training Trust Fund and its programs here: iatsetrainingtrust.org/home']"
107,211,107_unionist_aftra_npr_condolences,"['unionist', 'aftra', 'npr', 'condolences', 'news', 'career', 'cbs', 'colleagues', 'passing', 'reporter']","[""We are saddened to learn of the passing of Richard Lewis. The accomplished comedian and actor was a talkshow staple and recently appeared on 'Curb Your Enthusiasm.' Our condolences to his wife, colleagues and friends. #RIP \n\n#SagAftraMember since 1975"", ""We are saddened to learn of Donald Sutherland's passing. From 'M*A*S*H' to 'Hunger Games,' Donald was a powerhouse, multi-generational actor with more than 150 credits to his name. He will be deeply missed. Our condolences to his family. RIP. \n\n#SagAftraMember since 1968"", 'We join members of the Chicago Local in mourning the passing of broadcaster and unionist Dick Kay. A longtime shop steward, former local president and AFTRA VP. We send our condolences to his wife and family. #sagaftramember since 1968.']"
108,210,108_workers_unionize_union_taxpayer,"['workers', 'unionize', 'union', 'taxpayer', 'solidarity', 'costumers', 'unionproud', 'technicians', 'nycpride', 'crews']","['The union fights for equal rights! Yesterday IATSE members from ICG: International Cinematographers Guild (IATSE Local 600) TWU Local 764, IATSE IATSE Local 798 United Scenic Artists Local USA 829 and Iatse Local 52 marched for #Pride in New York! #pridenyc2018', 'Happy IATSEversary to IATSE Local 616! Congratulations on 100 years of being the best stagecraft workers in Mississippi! #iatse #unionstrong', ""Who's at USITT 2017? Yesterday, members from IATSE LOCAL ONE, I.A.T.S.E Local 16, TWU Local 764, IATSE, Iatse Theatrical Wardrobe Union Local 887, United Scenic Artists Local USA 829 and the International spoke about the benefits of joining the IATSE as working people in the entertainment industry.""]"
109,209,109_employees_workers_employee_rights,"['employees', 'workers', 'employee', 'rights', 'worker', 'government', 'congress', 'leaders', 'proposed', 'staffing']","['Why we need the EPA now more than ever →', 'The EPA is facing major budget and staffing cuts but we need EPA workers now more than ever.', 'To EPA workers with ❤']"
110,208,110_unions_union_labor_federation,"['unions', 'union', 'labor', 'federation', 'unionstrong', 'leadership', 'women', 'council', 'elected', 'convention']","['Please join us as we remember the life and legacy of AFL-CIO President Richard L. Trumka', 'Please join us as we remember the life and legacy of AFL-CIO President Richard L. Trumka.', 'AFL-CIO President Richard Trumka speaks out for working people.']"
111,207,111_teamsters_workers_truckers_lawmakers,"['teamsters', 'workers', 'truckers', 'lawmakers', 'workshops', 'protest', 'organizing', 'teamsterwomen', 'bus', 'conference']","['Listen to this week’s Teamster Nation News! Hear how IBT leaders join port truck drivers on picket line; ballots sent out to Clark County school workers;  Teamsters endorse Murphy in Florida senate contest; contract news; organizing news; this week in Teamster music; and Congress needs to solve stagnant wages. Listen here: http://ibt.io/podcast', 'Listen to this week’s Teamster Nation News! Hear how Teamsters join in day of action to protest wages; safety still a concern with new transportation bill; Illinois town threatens jobs of Teamster firefighters; IBT celebrates 60 years at D.C. headquarters; organizing news; this week in Teamster music; and TPP text is a punch to the gut of workers. Listen here: http://ibt.io/podcast', 'Listen to this week’s Teamster Nation News! Click here: http://ibt.io/podcast']"
112,207,112_firefighters_fighters_association_overcome,"['firefighters', 'fighters', 'association', 'overcome', 'professional', 'by', 'members', 'rescue', 'fighter', 'local']","['FLASHBACK FRIDAY - 1985 - A Chicago, IL Local 2 fire fighter rescues a young boy from a fire in 1985. Photo Credit: Frank Hanes. #FBF', ""FLASHBACK FRIDAY - 1980 - Toronto, ON Local 113 (now Local 3888) members crawl to safety from a Parliament building fire as fellow fire fighters rush to their aid. Photo credit: Colin McConnell #FBF Toronto Professional Fire Fighters' Association"", ""FLASHBACK FRIDAY - 2018 - A unique perspective of a three-alarm residential fire from Toronto, ON Local 3888. Photo credit: John Hanley #FBF #IAFF Toronto Professional Fire Fighters' Association""]"
113,205,113_union_friday_13th_day,"['union', 'friday', '13th', 'day', 'cwa', 'celebrate', 'celebrating', 'may', 'wishes', 'passover']","['Happy Halloween!! 👻🎃💀🧛\u200d♂️🧟\u200d♀️🎃👻', 'Happy Halloween!', '👻 Happy #Halloween! 🎃']"
114,203,114_congress_republicans_duty_congressional,"['congress', 'republicans', 'duty', 'congressional', 'trump', 'assistance', 'corporations', 'oppose', 'agency', 'government']","['Really, Social Security Administration?', 'Let’s make sure people get the benefits they worked so hard for! Oppose the budget. Support the Social Security Administration.\n\nCAUTION: Do not read or share, like, or comment on this post from a government computer or on duty time.', ""WATCH: Workers, elected officials, and Social Security experts lay out the steps needed to improve the Social Security Administration's ability to serve the public. Congress must fully fund Social Security's customer service!\n\nThis congressional briefing features Rep. John Larson (D-CT),  Nancy Altman (President, Social Security Works), Jessica LaPointe (President, AFGE Council 220), Kathleen Romig (Director of Social Security and Disability Policy at the Center on Budget and Policy Priorities), and Rich Couture (President, AFGE Council 215).""]"
115,199,115_thankessentialworkers_workers_strike_worker,"['thankessentialworkers', 'workers', 'strike', 'worker', 'news', 'council', 'reinstate', 'redacted_mention', 'rwdsu', 'exxon']","[""\u202aCheck out <redacted_mention> on the #frontpage of The New York Times  Business section today. Michael Corkery writes on the reordering of #retail: At Bloomingdale's NY 59th St, employees who are members of the Retail, Wholesale and Department Store Union are arguing that the company should improve how sales staff are compensated for helping facilitate e-commerce business — like helping customers pick up goods in the store that were ordered online.\n\n“You want an in-store experience that will make customers want to come into the store,” the union president, Stuart Appelbaum, said. “That requires highly motivated employees.”\n\nRead the full story online here: https://mobile.nytimes.com/2017/04/15/business/retail-industry.html\n\nUnited Food and Commercial Workers International Union, AFL-CIO, New York State AFL-CIO, New York City Central Labor Council, AFL-CIO, Local 3 United Storeworkers, Local 1-S Macy's Workers, Local 338 RWDSU/UFCW, Local 1102, RWDSU Mid-South Council, Retail Action Project"", 'Life as a retail worker....', 'More like ""Welcome To Non-Union Retail"".... \n\nh/t to Retail Action Project for helping retail workers get through the holidays. #1u']"
116,197,116_unionsmatter_workers_union_unions,"['unionsmatter', 'workers', 'union', 'unions', 'nonprofits', 'solidarity', 'elections', 'usw', 'labor', 'uswvoices']","['Jamie always felt she had to hide a part of herself, but with the support of union brothers and sisters, she is free to be who she is. #UnionsMatter #PROUAW', 'Cari shares her powerful story about how she found support from her union when she expected it least. #Solidarity #UnionsMatter #PROUAW', 'Her family has been UAW Ford for generations. And now she has the chance to share her own union pride with others. #UnionsMatter #PROUAW']"
117,197,117_workers_union_fightforamericanjobs_worker,"['workers', 'union', 'fightforamericanjobs', 'worker', 'solidarity', 'savequalityjobs', 'protest', 'outsourcing', 'leaders', 'jobs']","['One year ago today, 600 dedicated Nabisco workers in Chicago were given pink slips by Mondelēz/Nabisco and told their jobs were being sent to Mexico. We stand in solidarity with the BCTGM Nabisco workers and pledge to fight the outsourcing of American jobs! SHARE this video and help fight the outsourcing of American jobs!', 'We stand in solidarity with the BCTGM Chicago Nabisco 600 workers! Join our pledge to only buy Nabisco products made in America and boycott Nabisco products made in Mexico! Watch and SHARE this video and help fight the outsourcing of American jobs!', 'One year ago, 600 dedicated Nabisco workers in Chicago were given pink slips by Mondelēz/Nabisco and told their jobs were being sent to Mexico. We stand in solidarity with the BCTGM Nabisco workers and pledge to support the boycott of Nabisco products made in Mexico and fight the outsourcing of American jobs! SHARE this and help fight the outsourcing of American jobs! https://www.cwa-union.org/news/standing-nabisco-workers']"
118,195,118_activists_union_lawmakers_solidarity,"['activists', 'union', 'lawmakers', 'solidarity', 'workers', 'association', 'members', 'redforfeds', 'redshirtwednesday', 'thursdays']","['UAW union members wear red shirts on Wednesdays as a sign of solidarity. When a sea of red shirts greet management, it’s a way to let them know    that the workers stand together.\n\nThis modern tradition goes back to  1989 with the Communications Workers of America (CWA) whose members began wearing red on Thursdays to commemorate the death of Gerry Horgan. Horgan was  a  CWA chief steward for Westchester County, NY, who died of head injuries after being struck by a speeding car on a picket line.   \n\nWearing the red shirt to show solidarity took on new meaning during  Wisconsin’s Gov. Scott Walker and his relentless attacks on labor in 2011. Unionists around the country wanted to show  solidarity with Wisconsin  and donned red shirts once a week. \n\nToday, it remains an act of showing unity to one another and the world. \n\nIt’s not anti-management; it’s a positive statement of workers standing together.\n\n---------------------\n\nTips for organizing your own Red Shirt Wednesday:\n\n📌 Remind co-workers that  Wednesday is for red shirts.\n\n📌 Bring a supply of red bandanas for co-workers to wear if they don’t have a red shirt.\n\n📌 Start small: concentrate on one department or area. \n\n📌 Let people know why you wear red; it’s a great conversation starter.\n\n📌 Post pictures on social media with quotes about why members wear red. \n\n---------------------\n\nPost a selfie with your union siblings in red shirts for Solidarity Wednesday!\n\n#solidarity #UAW', '#UAW members wear red shirts on Wednesdays as a sign of #solidarity. When a sea of red shirts greet management, it’s a way to let them know that the workers stand together.\n\nThis modern tradition goes back to  1989 with the Communications Workers of America (CWA) whose members began wearing red on Thursdays to commemorate the death of Gerry Horgan. Horgan was  a  CWA chief steward for Westchester County, NY, who died of head injuries after being struck by a speeding car on a picket line.   \n\nWearing the red shirt to show solidarity took on new meaning during  Wisconsin’s Gov. Scott Walker and his relentless attacks on labor in 2011. Unionists around the country wanted to show  solidarity with Wisconsin  and donned red shirts once a week. \n\nToday, it remains an act of showing unity to one another and the world. \n\nIt’s not anti-management; it’s a positive statement of workers standing together.\n\n---------------------\n\nTips for organizing your own Red Shirt Wednesday:\n\n📌 Remind co-workers that  Wednesday is for red shirts.\n\n📌 Bring a supply of red bandanas for co-workers to wear if they don’t have a red shirt.\n\n📌 Start small: concentrate on one department or area. \n\n📌 Let people know why you wear red; it’s a great conversation starter.\n\n📌 Post pictures on social media with quotes about why members wear red. \n\n---------------------\n\nTag us in your red shirt selfie!\n\n#StandUpUAW', 'On Thursday, we wear RED. #RedForFeds']"
119,192,119_hiring_hiringroofers_unionroofers_employment,"['hiring', 'hiringroofers', 'unionroofers', 'employment', 'hr', 'wages', 'apply', 'graduates', 'pension', 'local']","['Looking for a career in construction that will give you a chance to travel around the South? \nRoofers Local 123 has a contractor based in Houston accepting applications for roofers and apprentices who are willing to travel throughout the southern United States. These may be permanent positions.\n\nRequirements include:\nValid driver’s license or current government-issued ID\nBackground check and drug test\nJourneyman rate is $28.29/hr. plus benefits. Contact Gig Ritenour by email gigr@unionroofers.com for more information.', ""Hey Pittsburgh Roofers! Come work for a great union company and earn up to $38.00/hr. PLUS great union benefits. Don't have experience? You can earn while you learn through the apprenticeship program. Several positions available--apply today and start work immediately!\n\nMore roofing and waterproofing jobs--> https://unionroofers.com/jobs/\n\nRoofers needed for immediate work in the Allegheny County area. Both journeyman and apprentice roofers are needed for jobs involving single-ply and built-up roofing. Requires valid drug card; possible random testing. Journeyman rates $38.00/hr. plus $20.67 benefits package (pensions, annuity, insurance). \n\n#hiringroofers #roofingjobs \n\nFor Information Contact:\nTom Martin\nHR and Safety Coordinator\nPhoenix Roofing\nPhone: (412) 778-8865\nEmail: Tomm@birdandbearsvcs.com"", 'Local 123 is hiring apprentices and journeyman roofers. Background check, drug test may be required. Drivers license required. Journeyman wage $23.68/hr., plus health insurance and pension. Contact Gig Ritenour for more info. \nPhone: 740 649-6578\nEmail: gigr@unionroofers.com']"
120,188,120_corporation_leaders_leadership_conference,"['corporation', 'leaders', 'leadership', 'conference', 'partnership', 'iaff5thdistrictpep2018', 'org', 'affiliate', 'workshops', 'events']","['The IAFF 5th District will host an IAFF Partnership Education Program (PEP) Event on May 24-25, 2022 at Hilton Minneapolis, Minneapolis, MN. Learn more: https://www.iaff.org/event/5th-district-pep-training-event/', 'Register: https://www.iaff.org/event/12th-district-pep-training-event/', 'Register: https://www.iaff.org/event/1st-district-pep-training-event/']"
121,186,121_employees_understaffing_staff_staffing,"['employees', 'understaffing', 'staff', 'staffing', 'understaffed', 'government', 'council', 'federal', 'officers', 'staffed']","['Thomson Federal Prison is in a staffing crisis with 110 vacancies. As a result, correctional officers are working overtime, exhausted and have low morale. The combination could affect the safety of prisoners and employees.\n\n""We are the second-highest security prison in the federal system, but we are the lowest staffed. We have a pay issues and retention issues, we are a hard-to-fill location, but the director of the (Bureau of Prisons) refuses to request retention from the (Office of Personnel and Management)."" - Jonathan Zumkehr, president of AFGE Local 4070', ""AFGE federal correctional officers raise major concerns about staff safety issues at the country's largest prison."", 'Enough is enough. Our federal prisons need more correctional officers today.']"
122,184,122_workers_employers_employees_work,"['workers', 'employers', 'employees', 'work', 'unpaid', 'paycheck', 'teachers', 'congress', 'paidleave', 'fmla']","[""We've secured paid parental leave for federal employees. Now we must continue to fight for paid family leave."", 'All working people deserve paid sick leave and healthcare benefits.', 'Congress must immediately pass the P.A.I.D. Leave Act to  provide all workers with paid sick days and paid family and medical leave.']"
123,183,123_unions_workers_wage_protests,"['unions', 'workers', 'wage', 'protests', 'contract', 'austerity', 'nafta', 'strike', 'teamsters', 'labor']","['Today’s News: NY Teamsters seek contract for Broadway casting directors; NYC working with companies, Teamsters to avert school bus strike; streetcar workers in Tucson vote to join Local 104; Local 727 Pepsi members win seniority implementation after dispute; UCSD Local 2010 Teamsters protest stalled contract talks; Daimler unions, Teamsters reach contract at Portland truck plant; UK post office workers to strike over job losses; EU trade commissioner says TTIP not dead yet; US trade rep readies for lame-duck TPP vote; UK Uber drivers win key employment case; W.Va. anti-union group not reporting political activity; S.Dakota unions raise money for labor ballot measure; Maine servers watching Question 4 min. wage increase; no deal yet as Philly transit strike looms; read more on the Teamster blog…', 'Today’s News: Teamster pilots at ABX seek single carrier determination; 900 school bus drivers with Local 553 vote to strike; workers join Teamsters across the U.S.; Local 439 Teamsters protest low wages at Univ. of the Pacific; Teamster-back port drivers, warehouse workers end strike; DC transit unions, Teamsters train members on safety; UK workers at Fujitsu to strike; Iceland political party opposes TTIP trade deal; US trade rep tours rural areas to sell TPP; Kansas ends bad economic news by not reporting it; report shows renewables could create hundreds of thousands of jobs in Ohio; Cook County approves min. wage increase; UFCW Schnucks workers approve contract; Calif. SEIU state workers vote on possible strike; read more on the Teamster blog…', ""Today’s News: Hoffa, Teamster women rally in support of Univ. of California workers; Women's Conference meets in Hollywood, CA; Teamsters take action at Women's Conference; Local 700 Teamster Lake County jail workers voice safety concerns; Hoffa speaks out against driver-less vehicles; Local 117 Teamsters gear up for strike vote at GP Gypsum; Local 710 members meet to discuss UPS contract; S. Korea Hyundai workers strike; Brazil bank workers strike again labor reforms; EU rules out TTIP trade deal under Obama; Japan leader pushes for TPP trade ratification; right-to-work shapes Missouri gov. race; court says Ohio voter purge is illegal; Colorado Amendment 70 seeks to raise min. wage; 14,000 Uber, Lyft drivers sign ATU union cards in NY; Pennsylvania state univ. faculty set strike date; read more on the Teamster blog…""]"
124,181,124_campaign_to_helped_sponsored,"['campaign', 'to', 'helped', 'sponsored', 'bring', 'local', 'members', 'presents', 'thanksgiving', 'corps']","['Members of UAW Local 163 held a ""Toys For Tots"" community donation event on December 6th at Detroit Diesel. Toys for Tots is a program run by the United States Marine Corps Reserve that distributes toys to children whose parents cannot afford to buy them gifts for Christmas.\n#StandUpUAW', ""Christmas is caring. Here's an awesome video of North America's Building Trades Unions Toys for Tots annual toy drive. Roofers Union employees kicked in hundreds of dollars' worth of toys and gift cards for the DC-area kids. Proud to be union!"", '<redacted_mention> got into the holiday spirit by hosting their annual Toys for Tots program, collecting new and unwrapped toys for children in the area.\n\nMembers donated over $750 in gifts during this holiday season and sponsored three local families who needed assistance.\n\nRead more about what a few of our locals are doing to bring holiday cheer to their communities this season! https://brnw.ch/21wFzwW\n\n🎅 #12DaysofGiving']"
125,181,125_workers_government_workforce_employees,"['workers', 'government', 'workforce', 'employees', 'representatives', 'org', 'congress', 'policy', 'legislation', 'workersfirst']","['While most employers are increasing telework options for workers due to the coronavirus, the SSA just limited their telework policy.', '""The pandemic has shattered much of the (gov) management mythology regarding telework and remote work. Managers who refused to admit that telework can work for many jobs had to ask those same workers to carry out the agency’s mission from home for an extended period. They learned where it really can work, and what accommodations must be made to make it work. They also learned where telework is not ideal. OPM’s embrace of maxiflex as a tool for making work and child care arrangements more flexible is a great step in making telework available to more people and offering a benefit that many employees are demanding. It has the potential to make the federal government a more reasonable employer in a labor market that is becoming far more competitive. That is a good thing.""', 'We support telework where it delivers for both the taxpayers and the workers who serve them. Telework and remote work are tools that have helped the federal government increase productivity and efficiency, maintain continuity of operations, and increase disaster preparedness.\n\nRumors of widespread federal telework and remote work are simply untrue. More than 50% of federal employees cannot telework at all because of the nature of their jobs, only 10% of federal workers are remote, and those who have a hybrid arrangement spend over 60% of working hours in the office.']"
126,176,126_union_unionroofers_roofersunion_nationalroofingweek,"['union', 'unionroofers', 'roofersunion', 'nationalroofingweek', 'hiringroofers', 'contractors', 'apprentices', 'apprenticeship', 'united', 'registeredapprenticeship']","[""Happy New Year to all our great Roofers and Waterproofers. Here's to new hope in 2021!"", 'Looking good Roofers Local 70! #Proud #Professional #CommittedtoExcellence #Roofers', 'An #apprenticeship in the Roofers & Waterproofers Union can change a life...']"
127,172,127_senators_healthcare_call_rights,"['senators', 'healthcare', 'call', 'rights', 'voting', 'act', 'senate', 'ruled', 'justice', 'against']","[""Kavanaugh's stance on women's health and worker rights will put women and working people at risk. \n\nTell the Senate to stop Brett Kavanaugh:\nhttps://actionnetwork.org/letters/tell-the-senate-stop-brett-kavanaugh"", ""Join working people across the country --> tell your senator to reject Brett Kavanaugh's nomination to the Supreme Court. \n\nKavanaugh has a long history of ruling in favor of corporations and employers against working families. He's dismissed employees' right to healthcare and refused workers relief from workplace discrimination. \n\nTell your senator to protect the rights of working people by opposing Brett Kavanaugh."", 'The Supreme Court is increasingly ignoring the rights of working people to build strong futures and quality lives. Court nominee Judge Brett Kavanaugh would further push the Court towards the side of the rich and powerful. Tell your senators to vote NO on Judge Brett Kavanaugh. #SaveSCOTUS']"
128,172,128_nation_united_holiday_june,"['nation', 'united', 'holiday', 'june', 'celebrating', '19th', 'federal', 'signed', 'arrived', 'celebration']","['Today we celebrate Juneteenth and honor the resilience, strength, and freedom of the Black community ❤️\n\n#juneteenth', 'Happy #Juneteenth ✊', 'TEAMSTERS HONOR JUNETEENTH\n\nToday, Teamsters join communities around the nation to honor the 158th anniversary of the first Juneteenth, a federal holiday marking the end of slavery. In recognition of Juneteenth, Teamsters Human Rights & Diversity Commission Director Anthony M. Rosa released the following statement:\n\n“As a union that is deeply committed to social justice and equality, the International Brotherhood of Teamsters is proud to celebrate Juneteenth.\n\n“Also known as Freedom Day and Black Independence Day, Juneteenth commemorates the end of slavery in the United States and is an important day for reflection. While June 19, 1865, marked a historic day in our nation’s history, it was only the beginning of a long journey towards true social and economic freedom for Black Americans.\n\n“The Teamsters have long fought for equitable union contracts for all workers, advocated for making Juneteenth a federal holiday, facilitated opportunity for all Teamsters to serve in leadership capacities, spoken out against systemic racism – and we will continue to do so.\n\n“At bargaining tables across the nation, Teamsters will continue to fight for and secure strong color-blind contracts with fair wages, paid time off for Juneteenth, improved benefits, workplace protections, and a voice on the job for workers of every race, gender, religion, and background.\n\n“On Juneteenth and all days, the Teamsters and HRDC are proud to stand in solidarity with our Black members and continue to fight for racial justice and equality in the workplace and beyond.”']"
129,171,129_laborers_labor_jobs_org,"['laborers', 'labor', 'jobs', 'org', 'infrastructure', 'industry', 'labortribune', 'construction', 'news', 'feelthepower']","['#Liuna in the news...', '#LIUNA in the news....', '#LIUNA in the news...']"
130,171,130_steelworkers_convention_uswunity_event,"['steelworkers', 'convention', 'uswunity', 'event', 'bctgm2018convention', 'rescuers', 'healthandsafety', 'memorial', 'in', 'april']","['On May 20, 2006 an explosion at the Darby No. 1 Mine in Holmes Mill, KY took the lives of 5 miners. Shortly after this explosion, Congress passed the MINER Act,  providing greater protections for underground coal miners and improve emergency preparedness. #NeverForget', 'On this day in 1963, 22 miners were killed at the Dola #2 mine in Harrison County, WV. This explosion was caused by a gas explosion deep inside a 320-foot mine shaft.\n\n#NeverForget #AnniversaryPost\n\nPhoto Credit: WBOY', 'On May 9, 1945 at the Sunnyside No.1 mine in Utah, a gas explosion two miles underground, killed 23 men. Another 7 men were critically injured and hospitalized. This explosion was the worst mine disaster in Utah since 1924. #NeverForget']"
131,167,131_union_solidarity_workers_employees,"['union', 'solidarity', 'workers', 'employees', 'standupuaw', 'university', 'voted', 'standupvw', 'uaw', 'go']","['On Sunday, Sept. 15, UAW President Shawn Fain will rally in Chattanooga with Volkswagen workers as contract negotiations covering more than 4,000 UAW members get underway. \n\nhttps://uaw.org/uaw-president-shawn-fain-and-hundreds-of-workers-kick-off-volkswagen-contract-talks-sunday-with-live-streamed-rally/', 'Huge congratulations to Volkswagen workers in Chattanooga who won their union with UAW!', '🧵 Volkswagen workers speak out on why they’re voting yes to join the UAW.\n\n“We are voting yes for our union because we want Volkswagen to be successful.” \n\n“Volkswagen has spent billions of dollars expanding in Chattanooga, but right now safety is a major issue in our plant. Just the other day, I was almost hit by four 500-plus pound crates while I was driving to deliver parts. That incident should’ve been followed up within the hour, but even after I clocked out no one asked me about it. VW has partnered with unionized workforces around the world to make their plants safe and successful. That’s why we’re voting for a voice at Volkswagen here in Chattanooga.”\n\n“We miss time with our families because so much of our paid-time-off is burned up during the summer and winter shutdowns. We shouldn’t have to choose between our family and our job. By winning our union and a real voice at Volkswagen, we can negotiate for more time with our families.”\n\n“I come from a UAW family, so I’ve seen how having our union enables us to make life better on the job and off. We are a positive force in the plant. When we win our union, we’ll be able to bargain for a safer workplace, so people can stay on the job and the company can benefit from our experience. When my father retired as a UAW member, he had something to fall back on. VW workers deserve the same.”\n\n#StandUpUAW #StandUpVW']"
132,165,132_revolution_democratic_feelthebern_sanders,"['revolution', 'democratic', 'feelthebern', 'sanders', 'vote', 'caucus', 'support', 'healthcare', 'caucuses', 'justice']","[""Nurses spent the day talking to people across the country, including Florida, Kansas and Michigan, about why nurses' trust Bernie Sanders. His values = nurses' values - caring, compassion and community. Vote Bernie! \n#FeelTheBern"", ""Nurses have traveled across the country on our #BernieBus to talk about why we support Bernie Sanders! Take a look about what we've learned and join us in voting for Bernie."", ""Nurses have traveled across the country on our #BernieBus to talk about why we support Bernie Sanders! Watch this video and see  what we've learned and join us in voting for Bernie.""]"
133,164,133_laborersrising_national_poorpeoplescampaign_laborers,"['laborersrising', 'national', 'poorpeoplescampaign', 'laborers', 'call', 'june2020', 'nation', 'leaders', 'advocates', 'join']","[""The movement continues! On 6/20, the #PoorPeoplesCampaign goes digital w/ a mass online gathering to demand that 140 million poor & low-income people across the nation are heard. Poor People's Campaign: A National Call for Moral Revival:"", ""On June 18 in Washington DC, we will declare our commitment to:\n- Shift the moral narrative\n- Build power\n- Demand policies that fully address the needs of working people\n\nJoin UFCW and The Poor People’s and Low-Wage Workers’ Assembly and Moral March on Washington and to the Polls on June 18.\n\nLearn more here: poorpeoplescampaign.org/june18/\n\n#PoorPeoplesCampaign #1u #UnionStrong\nPoor People's Campaign: A National Call for Moral Revival"", ""UFCW and hundreds of advocacy organizations will join The Poor People’s Campaign for the Moral March on Washington and to the Polls on June 18.\n\nCan’t make it in person? Watch live here: poorpeoplescampaign.org/livestream\n\n#PoorPeoplesCampaign #1u #UnionStrong\nPoor People's Campaign: A National Call for Moral Revival""]"
134,163,134_workers_wages_outsourcing_usmca,"['workers', 'wages', 'outsourcing', 'usmca', 'labor', 'corporations', 'congress', 'corporate', 'jobs', 'manufacturing']","[""CWA members and retirees know that NAFTA has meant lost jobs, closed factories and call centers, and lower wages. That's why CWAers joined activists for a national Replace NAFTA Day of Action. CWA activists called their Senators to tell them to hold U.S. trade negotiators to their promise that an updated NAFTA will raise standards and wages for workers and stop providing incentives for multinational corporations to move jobs offshore. https://www.cwa-union.org/news/its-time-make-sure-nafta-works-for-workers"", 'We demand the new NAFTA deal benefits workers, not corporations.', 'Our union has been working with our allies in Mexico and Canada for years to bring attention to the problems with NAFTA. We have an opportunity to get it right as NAFTA is renegotiated. There’s been progress, but not enough. The renegotiated NAFTA needs strong enforcement for its labor provisions and fixes to the rules that will keep drug prices high. Make your voice heard! Click here for more information: http://usw.to/NAFTA #USMCA #NAFTA']"
135,163,135_union_activists_candidates_org,"['union', 'activists', 'candidates', 'org', 'worker', 'news', 'sanders', 'conference', 'organizing', 'at']","['CWA has a new program and it’s up and running in 20 states! “CWA Women for Political Power” is a new program mobilizing CWA members to support candidates who will adopt policies important to working women. CWA women activists will leaflet worksites and mobilize CWA women. Learn more here: http://www.cwa-union.org/news/cwa-women-for-political-power-on-ground-in-20-states', ""At the CWA District 6 conference in St. Louis this week, CWAers heard from CWA President Chris Shelton and District 6 Vice President and head of CWA's Human Rights Program Claude Cummings, Jr., who both urged members and activists to stay focused on moving our agenda for working families forward."", ""CWA members from across the country gathered in New Orleans for the 2018 Civil and Human Rights Conference, presented by CWA's Women's Committee and Civil Rights and Equity Committee. The four-day conference focused on CWA's efforts to make CWA STRONG by organizing and building working class power through local activism and mobilization, as well as CWA's Fight Forward towards social and economic justice. Click here for photos from the event! https://cwa-union.org/news/cwaers-build-working-class-power-human-rights-conference""]"
136,163,136_savethecensus_census2020_laborcounts_2020census,"['savethecensus', 'census2020', 'laborcounts', '2020census', 'my2020census', 'congressional', 'funding', 'celebrate', 'gov', '2020']","[""It's the Labor Census Week of Action! Census data helps determine more than $1.5 TRILLION in federal funding for education, health care and housing programs. Make sure you're counted! Go to 2020census.gov to complete your form.  #LaborCounts #2020Census"", ""#LaborCounts! It's the Census Week of Action. Join the AFL-CIO in ensuring every working person is counted in the 2020 census. The #2020Census is safe, confidential and easy to complete. Learn more at 2020Census.gov"", 'Our kids have a message: Complete your 2020 Census!\n\nWatch the video below, created by the Y.O.U.N.G. AFGE Committee, to hear from our future leaders and activists on the importance of the 2020 Census. \n\nComplete your Census today: www.2020census.gov']"
137,163,137_activist_award_aftra_humanitarian,"['activist', 'award', 'aftra', 'humanitarian', 'founders', 'recipient', 'honored', 'remarkable', 'in', 'performer']","[""The late Audrey Hepburn was #BOTD in 1929. She is best known for her roles in films such as 'Breakfast at Tiffany's' and 'My Fair Lady.' For her work on and off screen, the iconic actor and humanitarian received the SAG Life Achievement Award in 1992."", ""Celebrating the life and career of #SagAftraMember Burt Lancaster, who was #BOTD in 1913! An activist and 'self-taught actor,' his lasting impact on the industry earned him the SAG Life Achievement Award in 1991."", 'The late Ossie Davis was #BOTD in 1917! Join us in celebrating the life and career of the actor, writer, director and activist for social justice and equality. Together with his wife, Ruby Dee, they received the 2000 SAG Life Achievement Award.']"
138,161,138_union_bargaining_employees_workers,"['union', 'bargaining', 'employees', 'workers', 'solidarity', 'reporters', 'tribune', 'protest', 'staffers', 'staff']","[""We're thrilled to welcome the Daily News Union into NewsGuild-CWA!"", 'Awesome news ;)! Our family at NewsGuild-CWA organized 1,426 news industry employees at over 20 news outlets last year! At the NewsGuild-CWA Sector Conference, a panel discussion shined a spotlight on organizing wins and strategies to continue to successfully organize the news industry. Click here for a full recap from the NewsGuild conference: https://cwa-union.org/news/wave-of-union-organizing-sweeping-through-news-industry', ""We're excited to welcome tech workers at The New York Times into the NewsGuild-CWA family!""]"
139,159,139_internationalworkersday_workers_boilermakersunion_oneuniononevote,"['internationalworkersday', 'workers', 'boilermakersunion', 'oneuniononevote', 'solidarity', 'electing', 'unions', 'mayday2020', 'candidate', 'election2022']","[""It's #MayDay! Today we celebrate workers and union members across the world who are fighting for better working conditions and workplace protections. #1u #InternationalWorkersDay"", 'United Mine Workers of America (UMWA) International President Cecil E. Roberts issued the following statement today about Murray Energy Chapter 11 bankruptcy filing.', ""Happy May Day/International Workers' Day from the ATU. #mayday #InternationalWorkersDay""]"
140,159,140_unionmadefathersday_union_uniondad_celebrate,"['unionmadefathersday', 'union', 'uniondad', 'celebrate', 'uswfamily', 'day', 'uaproud', 'celebrating', 'today', 'wishing']","[""Happy Father's Day to our union dads!"", 'Happy Father’s Day to all the union dads!', 'Happy Father’s Day to all of our union dads! 💪']"
141,158,141_advocacy_firefighters_lawmakers_legislation,"['advocacy', 'firefighters', 'lawmakers', 'legislation', 'fighters', 'bipartisan', 'congress', 'vote', 'government', 'signed']","['The Windfall Elimination Provision (WEP) and Government Pension Offset (GPO) threaten the Social Security benefits of millions of retired teachers, support staff and other public employees every day. Ask your senators to vote yes on the Social Security Fairness Act.', 'After a lifetime of service, public retirees deserve better. GPO & WEP cut Social Security from thousands of retired public service workers. Let’s fight back—tell Congress to vote on the Social Security Fairness Act! ✊', 'Millions depend on Social Security, but GPO & WEP unfairly cut benefits for many public service retirees. Let’s end this now. Tell Congress to vote on the Social Security Fairness Act: https://act.afscme.org/letters/tell-your-representative-pass-the-social-security-fairness-act-2/']"
142,157,142_volunteers_volunteer_benefit_charity,"['volunteers', 'volunteer', 'benefit', 'charity', 'fundraising', 'charities', 'support', 'donation', 'ncf', 'military']","[""Our members have really shown their support for our military's Gold Star Families! We've sold just over 400 shirts so far!!\n\nLast Day to Order: December 14, 2018.\n\nNATCA Charitable Foundation (NCF) and the NATCA volunteers for Snowball Express 2018 have partnered together to bring you these exclusive Snowball Express custom Unisex Tees. All proceeds to benefit the NATCA Charitable Foundation to help charities like Snowball Express and many others. Shirts will ship to either your facility or home address (whichever is most cost-effective) by December 20, 2018. \n\nClick here to order\nhttps://squareup.com/market/natca-charitable-foundation/\n\n#SnowballExpress18 #NATCAfamily #NCF #AAteam"", 'While in Fort Lauderdale for our Union’s Convention, join the NATCA Charitable Foundation (NCF) in raising money and awareness for charities locally and across the country. NCF will host a number of fundraisers over the week. \n\nNCF is a 501(c)3 non-profit organization, and we invite you to come and learn what we do to make a difference. NCF has no paid employees and continues to be a 100% volunteer organization. For the past two years, NCF has donated $275,000 to charities across the country, chosen by our Union’s members. \n\nThis year, NCF is supporting four charities and sponsoring events in Fort Lauderdale in honor of NATCA’s 19th Biennial Convention: Citizens for a Better South Florida, Fish With a Hero, Safespace, and Thorn. Read more about each charity: https://www.natca.org/events/convention/#charities \n\nNCF is hosting several events to raise money for these organizations. Information about each of these events:\n\nhttps://www.natca.org/2023/06/06/natca-charitable-foundation-at-convention/', '#NATCAfamily volunteers in Orlando were pleased to present Snowball Express Program Director Buck Kern with a donation of $10,000 from the NATCA Charitable Foundation this afternoon. The generous contribution will further the work of this wonderful program for our #GoldStarFamilies into future years. #NATCA and NATCA Charitable are proud to support #SnowballExpress and the Gary Sinise Foundation.\n\nDonate to Snowball Express and all of the NATCA Charitable Foundation’s efforts by purchasing a Snowball Express NATCA shirt: https://squareup.com/market/natca-charitable-foundation']"
143,157,143_org_apprenticeship_graduates_duty,"['org', 'apprenticeship', 'graduates', 'duty', 'at', 'association', 'training', 'students', 'united', 'news']","['UA VIP graduates its 14th welding class at Joint Base Lewis-McChord. Welcome our\nnew members to the United Association! More about the class: https://www.uavip.org/news-happenings/jblm-ua-vip-program-graduates-five-students-from-welding-class-14', 'Congratulations to the transitioning active-duty military service members who recently graduated from the UA VIP Joint Base Lewis-McChord Welding and HVACR programs!\nRead about the program and what they learned in the latest UA VIP blog: https://www.uavip.org/news-happenings/welding-class-15-and-hvac-r-class-14-graduate-from-joint-base-lewis-mcchord-united-association-veterans-in-piping-program', 'The UA VIP program was created to help those who served our country begin a successful civilian career after their military service has ended. Learn why a Camp Pendleton Welding Class 24 graduate and former Marine Corps Sergeant joined the UA VIP program: https://www.uavip.org/news-happenings/ua-vip-graduate-selected-for-the-ua-mcaa-future-leaders-program']"
144,153,144_progressmissouri_unions_legislature_wages,"['progressmissouri', 'unions', 'legislature', 'wages', 'workers', 'legislation', 'article_38415f96', 'families', 'august', 'state']","['Looks like Missouri will get a chance to vote down Right-To-Work in 2018. Great work by labor unions fighting to get it on the ballot!\n.\nMissouri AFL-CIO, RWDSU- CENTRAL STATES COUNCIL.', 'MISSOURI: Today\'s the day! Vote NO on Prop A (a.k.a. ""Right to Work"").', 'Stand strong Missouri and keep fighting!']"
145,153,145_unionmom_union_unionmoms_ibt,"['unionmom', 'union', 'unionmoms', 'ibt', 'hardworking', 'family', 'to', 'work', 'families', 'ufcwmom']","[""Happy Mother's Day to all the UAW moms! 💐"", ""Happy Mother's Day to all the moms out there"", 'Happy Mother’s Day to all the union moms!']"
146,152,146_representatives_committee_teamsters_company,"['representatives', 'committee', 'teamsters', 'company', 'bargaining', 'proposal', 'negotiations', 'technicians', 'represented', 'negotiating']","['Today, Teamsters General President Sean M. O’Brien and General Secretary-Treasurer Fred Zuckerman visited United Airlines technicians represented by Teamsters Local 210 at Newark Liberty International Airport as bargaining continues with the company.\n\n“This is the first step towards what will be an historic contract for United Airlines Teamsters,” O’Brien said. “Thanks to the leadership of our negotiating committee and the solidarity of United Airlines Teamsters across the country, we are taking this fight right to the carrier’s doorstep and will not rest until we get the contract we deserve.”\n\nWith over 900 on-site technicians, Newark hosts the third-largest cohort of United Airlines Teamsters nationwide.\n\n“It’s time to put United Airlines on notice — the Teamsters are standing together. We are not playing games,” said David Mahood, a United Airlines technician from Local 210 and a member of the United Airlines Teamsters National Negotiating Committee. “Our strength comes from our determination to win. By speaking with one voice, we will deliver the industry-leading contract United Airlines Teamsters have rightfully earned.”', 'UNITED AIRLINES TEAMSTERS SHOW TEAMSTERS PRIDE ON SOLIDARITY DAY \n\nUnited Airlines Teamsters nationwide came to work today expressing their Teamster Pride as negotiations continue with the carrier. After four months of hard-fought bargaining with the company, United Airlines technicians are closer than ever before to an industry-leading contract. The Teamsters are fighting for increased pay, faster wage progression, and more affordable health care for over 10,000 United Airlines technicians across the country. \n\n“We are starting to pick up speed at the bargaining table, but we can only keep the momentum going by making our voices heard and reminding United of our value,” said Ryan Pachasa, a technician from Local 986 at Portland International Airport and member of the United Airlines Teamsters National Negotiating Committee. “When the Teamsters stand together, there is nothing that can stop us. We are proud to be Teamsters and prepared to fight for the contract we deserve.” \n\nAfter the Teamsters reached pivotal agreements last week in Denver, negotiations will continue next month in San Francisco with United Airlines Teamsters ready to win the contract they have earned!', 'Today, Teamsters General President Sean M. O’Brien and General Secretary-Treasurer Fred Zuckerman met with United Airlines Aircraft Maintenance Technicians (AMTs) represented by Teamsters Local 964 at Cleveland International Airport as bargaining continues with the airline.\n\nOver 10,000 Teamsters at United Airlines nationwide are fighting for better pay, improved health care benefits, and increased safety standards at the international carrier.\n\n“United Airlines Teamsters are the most qualified and hardworking technicians in the entire aviation industry. Without their sacrifices, United would not be raking in record-breaking profits,” O’Brien said. “Our members are proudly standing together and letting United know we are done being taken advantage of. If United wants to continue its run at the top of the industry, it needs to reward United Airlines Teamsters with industry-leading pay and benefits.”\n\n“It has been amazing to see the enthusiasm of my colleagues during this campaign, and we’re not going to stop,” said Tony Munsterman, a United Airlines Technician with Local 964 and a member of the United Airlines Teamsters National Negotiating Committee. “We’re showing up on the streets and at the bargaining table to fight for what we deserve. It’s crucial for all United Airlines Teamsters to get involved in this campaign and show United that we are not playing around. We will win the contract that we have rightfully earned.”\n\nNegotiations with the carrier will continue October 22 in Chicago.']"
147,151,147_cosponsor_representatives_actors_qualified,"['cosponsor', 'representatives', 'actors', 'qualified', 'act', 'bipartisan', 'letter', 'senior', 'trustees', 'member']","[""Most performing artists have to spend their own money on necessary business expenses while trying for a job, but middle-income performers can't deduct it. The Performing Artist Tax Parity Act will fix that. Ask your representatives to support PATPA: https://actionnetwork.org/letters/support-patpa-now"", 'This week marks the start of tax season--entertainment workers, their unions, and their employers continue to stand together to demand Congress pass the bipartisan Performing Artist Tax Parity Act (PATPA) to restore tax fairness for those working in the arts and entertainment industries.\n\nWhen the Tax Cut and Jobs Act (TCJA) passed, it eliminated the ability of entertainment workers to deduct necessary work expenses that most spend 20 to 30 percent of their gross income on. Without the ability to deduct expenses like travel to auditions, talent agents, and equipment, entertainment workers now owe burdensome amounts in taxes, which causes many to struggle to make ends meet. \n\nPATPA would fix this issue by updating the Qualified Performing Artist (QPA) deduction. PATPA would raise the thresholds of the QPA deduction to $100,000 for single tax filers and $200,000 for joint tax filers to help ensure middle-class entertainment workers qualify for the deduction.', ""We're calling on Congress to pass the Performing Artist Tax Parity Act (PATPA). This legislation would restore tax breaks for work-related expenses by updating the Qualified Performing Artist (QPA) deduction to allow middle-class entertainment workers to again deduct common business expenses.""]"
148,151,148_charity_supporters_service_benefit,"['charity', 'supporters', 'service', 'benefit', 'fundraiser', 'woodworkers', 'raise', 'machinistscare', 'donation', 'graduation']","['What a great charity event for Guide Dogs of America - Tender Loving Canines great job IAM Air Transport Territory!', 'We are so proud to partner with Guide Dogs of America - Tender Loving Canines.', 'We ❤️ Guide Dogs of America - Tender Loving Canines 🐾\n\nHappy International Guide Dog Day!']"
149,151,149_convention2018_staff_conference_convention,"['convention2018', 'staff', 'conference', 'convention', 'iaffconvention', 'iaffcentennialconvention', 'delegates', 'convention2022', 'org', 'nv']","['We are jumping for joy that the #IAFF100Years centennial convention is starting today. Stop by the exhibit hall and visit staff. #IAFFCentennial #IAFFConvention', 'See you in Seattle! #IAFF100Years #IAFFConvention #IAFFCentennial #IAFFCentennialConvention', 'Standing strong at the #IAFF100years Convention in Seattle, WA! #IAFFConvention #IAFFCentennialConvention']"
150,150,150_union_unionproud_ironworkers_apprentices,"['union', 'unionproud', 'ironworkers', 'apprentices', 'welders', 'craftworkers', 'recruitment', 'ua', 'apprenticeship', 'welder']","['Congrats Plumbers & Steamfitters Local 50 - Making us #uaproud!', 'Great job Plumbers & Steamfitters Local 400! #uaproud', ""Check out #8 - it's awesome that they identify Plumbers, Pipefitters and Steamfitters - but even better that they name the UA as the best place to get the training! #plumbers #pipefitters #steamfitters #sprinklerfitters #welders #HVAC #HVACR #uaproud #unionproud""]"
151,149,151_union_employees_association_council,"['union', 'employees', 'association', 'council', 'collective', 'administrative', 'agency', 'national', 'government', 'department']","['Thank you Congress in standing up for our Immigration Judges\' right to have a union.  The  National Association of Immigration Judges - IFPTE Judicial Council 2 ensures ""fairness, due process, and impartiality"" within our immigration court system.', '""Judge Ashley Tabaddor, President of the National Association of Immigration Judges (NAIJ-IFPTE Judicial Council 2), interviews with NPR\'s Noel King about the challenges facing immigration judges as they deal with an increasing backlog of cases.""', ""All of IFPTE stands with the National Association of Immigration Judges (NAIJ) - IFPTE Judicial Council 2's President, Judge Tabaddor, and her members.""]"
152,149,152_usfoodsstrike_workers_solidarity_teamsters,"['usfoodsstrike', 'workers', 'solidarity', 'teamsters', 'united', 'represented', 'wage', 'strike', 'brotherhood', 'trainmen']","['Teamsters on the line ✊🏿✊🏾✊🏽✊🏼\nLocal 553 members at United Metro Energy in New York remain on strike.\n \n💪Stay strong, brothers and sisters!', 'Teamsters on the line ✊🏿✊🏾✊🏽✊🏼\nOur Local 553 brothers and sisters remain on strike at United Metro Energy in New York. \n\n💪Stay strong, Teamsters!', 'Local 553 members at United Metro Energy are holding strong on the picket line in New York. These Teamsters have been on strike since April for a first contract.\n\nStay strong, Teamsters! ✊✊']"
153,148,153_unionpower_unionmember_honoring_feelthepower,"['unionpower', 'unionmember', 'honoring', 'feelthepower', 'wa', 'blackhistorymonth', 'community', 'member', 'blackhistorymonth2024', 'honored']","['#BlackHistoryMonth continues and so does our celebration of Black Americans’ contributions to #unionpower and #LIUNA!\nToday, meet Edward Strong, from Local 1421 in Boston, MA.', '#BlackHistoryMonth continues and so does our celebration of Black Americans’ contributions to #unionpower and #LIUNA!\nToday, meet Matthew John, from Local 609 in Framingham, MA.', '#BlackHistoryMonth continues and so does our celebration of Black Americans’ contributions to #unionpower and #LIUNA!\nToday, meet James Martin, from Local 242 in Seattle, WA.']"
154,147,154_workers_solidarity_strike_we,"['workers', 'solidarity', 'strike', 'we', 'support', 'united', 'labor', 'supporters', 'unitedwestand', 'ua']","['Stand with your Brothers and Sisters on strike at Warrior Met Coal! \n\n#WarriorMetsWrong #UnitedWeStand', ""One day longer, one day stronger! RWDSU  is out here in NYC for the United Mine Workers of America International Day of Action against Warrior Met Coal!\n\nWe're calling on Warrior Met and their investors to settle a fair contract with the miners who make Warrior Met profitable! #WarriorMetsWrong #1u"", '#UMWA miners out on the pickets lines for the Warrior Met Strike. \n\nWarrior Met Coal needs to end the strike… end the injustice. #WarriorMetsWrong']"
155,145,155_workers_unionsforall_wages_employees,"['workers', 'unionsforall', 'wages', 'employees', 'employer', 'contractors', 'wage', 'ridesharedriverjusticebill', 'prop', 'independent']","['We stand in solidarity with the hundreds of Massachusetts Uber and Lyft drivers who are demanding higher wages, job protections, and a union through the Rideshare Drivers Justice Bill 💪⚙️\n\nIndependent Drivers Guild', 'A good sign for Uber and Lyft drivers who want a union voice on the job!', 'Lyft and Uber drivers ON STRIKE for fair wages!']"
156,143,156_safety_safetyfirst_safes_construction,"['safety', 'safetyfirst', 'safes', 'construction', 'hseconference', 'workzonesafety', 'initiatives', 'uswhcwcconference', 'hse2018', 'national']","['Join us next week for a Facebook Live Q&A with Worker Health and Safety Experts on OSHA’s Failed Pandemic Response\nSafety Director Scotty MacNeill, worker safety experts Rick Engler and Dr. David Michaels along with UWUA safety committee members will discuss the real-time impacts of OSHA standards on UWUA members.  \n\nThe Facebook Live discussion begins October 21 at 7 P.M. ET/4 P.M. PT. RSVP now and share your questions ahead of time at webmaster@uwua.net. \n\nhttps://actionnetwork.org/events/exposed-at-work-a-qa-with-worker-health-and-safety-experts-on-oshas-failed-pandemic-response/?source=Facebook', 'CWA delegates meeting at the USW Health, Safety, and Environment Conference.', 'Hey #USW health care workers! Will we see you at the Steelworkers Health, Safety and Environment Conference on April 17-21 in Pittsburgh? Wednesday is a track dedicated to health care workers with specific workshops aimed at addressing health and safety issues within the sector and even a special panel. The rest of the week will contain several other workshops to boast your activism, such as building effective union-management health and safety committees, hazard mapping, mental health and more! For more information and to register please visit: usw.org/hseconference. #EverybodysUnion #HSE2023 #USWTMC']"
157,140,157_unionsforall_workers_employees_council,"['unionsforall', 'workers', 'employees', 'council', 'employers', 'wages', 'sector', 'worker', 'workplace', 'wage']","[""Finally, someone is looking out for the mom and pop stores like...McDonald's? \n.\nUnited Food and Commercial Workers International Union, Fight for $15, Fast Food Justice, Fast Food Forward, AFL-CIO."", ""All labor has dignity, and fast food is no different. McDonald's, it is time to respect your workers and pay them a living wage! #RaiseTheWage"", ""The California Senate just passed #AB257! This groundbreaking legislation will impact over 550K+ Fast-Food workers by giving them more power over their lives at work, and holding fast-food corporations like McDonald's accountable! This is a monumental win that will cover McDonald's, Wendy's, Starbucks and Chipotle workers, and more! It's time for fast-food workers to be RESPECTED, PROTECTED AND PAID!""]"
158,139,158_steelworkers_activists_workshops_conferences,"['steelworkers', 'activists', 'workshops', 'conferences', 'attendees', 'speakers', 'delegates', 'uswlife', 'townhall', 'news']","['The 2019 Rapid Response and Legislative Conference is coming up this fall, make sure you save the date! Go to usw.org/rr-conference for more information. #USWWorks', 'Hundreds of USW Rapid Response activists from local unions across the United States are headed to Capitol Hill today to lobby their lawmakers on the union’s core issues, including good jobs, safe staffing in nursing homes, retirement security, workers’ rights, fair trade, and the restoration of Trade Adjustment Assistance (TAA). \n\nMembers can get more information on the Rapid Response program by visiting usw.org/act/activism/rapid-response\n#USWRR24', ""Hey, USW District 4 members: Save the date for this year's Rapid Response conference! (And stay tuned for info about the national Rapid Response conference in Washington, D.C., set for this June!) #EverybodysUnion""]"
159,139,159_cannabisworkersunion_workers_unionize_union,"['cannabisworkersunion', 'workers', 'unionize', 'union', 'unionized', 'unionstrong', 'legalize', 'joined', 'family', 'protections']","['Workers at three California cannabis dispensaries have voted to unionize and joined UFCW Local 135  – the first time that has happened at any cannabis business in the region!\n\n#1u #UnionStrong', 'UFCW is the cannabis workers union. \n\nSo far this year, UFCW has supported workers in filing for union elections at 32 workplaces and ratifying 16 new contracts, resulting in 900 new UFCW cannabis members! \n\nLearn more about our work in the cannabis industry ➡️ https://bit.ly/40p8Sl0', ""ICYMI: Earlier this year, Arizona cannabis workers joined UFCW to form their state's FIRST EVER cannabis union! 🌵 They may have been the first, but they certainly won't be the last. UFCW is the cannabis workers' union!  \n\nLearn more: https://bit.ly/4d95RNd""]"
160,139,160_alsawarenessmonth_firefighters_support_alsawareness,"['alsawarenessmonth', 'firefighters', 'support', 'alsawareness', 'craftworkers', 'fda', 'org', 'supported', 'awareness', 'fundraising']","[""Los Angeles County, CA Local 1014 a top fundraising affiliate for #FilltheBoot. Join Muscular Dystrophy Association and the IAFF's virtual campaign to support muscular dystrophy today. \n\nhttp://filltheboot.donordrive.com"", '#Firefighters set to ‘Fill the Boot’ for Muscular Dystrophy Association', '#Firefighters fill the boot for Muscular Dystrophy Association']"
161,136,161_workers_discrimination_labor_events,"['workers', 'discrimination', 'labor', 'events', 'rights', 'economic', 'justice', 'strike', 'sanitation', 'civil']","['Across the United States, working people honored the sacrifices of two Memphis sanitation workers whose deaths triggered the historic 1968 sanitation workers’ strike. Echol Cole and Robert Walker were crushed to death on the job. The tragedy led to a walkout by 1,300 fellow sanitation workers. #IAM2018', ""Tomorrow marks the 50th anniversary of a watershed moment for both labor and the civil rights movements. On February 1, 1968 Memphis sanitation workers Echol Cole and Robert Walker were crushing them to death by their truck's malfunctioning compactor. The tragedy sparked the 1968 Memphis Sanitation Workers’ Strike. \n\nA “National Moment of Silence” is being observed tomorrow, February 1, in honor of the 50th Anniversary of the tragic events that precipitated the 1968 Sanitation strike. While the event has been organized by the American Federation of State, County and Municipal Employees (AFSCME), General President Hoffa and the Teamsters Waste Division wholeheartedly endorse it, and encourage all Teamster Local Unions to organize their own moments of silence with their members. Local Unions and their members should observe this day in whatever way best works for them. For more information, visit: https://iam2018.org/moment-of-silence/ \n\n #IAM2018 #iamColeandWalker"", 'On this day in 1968, Dr. Martin Luther King, Jr. led a march of AFSCME sanitation workers who were on strike in Memphis. \n\nHave you thanked a union today?']"
162,136,162_union_unionhall_responsibilities_administrative,"['union', 'unionhall', 'responsibilities', 'administrative', 'everybodysunion', 'secretaries', 'leadership', 'receptionists', 'uswworks', 'local']","['Next week’s “Teaching Tuesday” will cover “Contract Language Basics”. This course will help you understand your contract better and prepare you for future negotiations. #SmarterIsStronger \n \nRegister for the 11:00 a.m. program here: http://usw.to/TT4-12-11AM \nRegister for the 8:00 p.m. program here: http://usw.to/TT4-12-8PM', 'It’s June and we are ready to kick off a new month of TEACHING TUESDAY! \n\nThis week’s topic will cover the “Legal Rights and Responsibilities of Union Stewards”. So for all our front line representatives, make sure to sign up and find out what our steward’s legal rights are and where they come from. #SmarterIsStronger \n\nRegister for the 11:00 a.m. program here: http://usw.to/TT6-7-11AM \nRegister for the 8:00 p.m. program here: http://usw.to/TT6-7-8PM', 'In case you missed it, tomorrow’s TEACHING TUESDAY will cover the “Legal Rights and Responsibilities of Union Stewards”. Sign up now! #SmarterIsStronger \n\nRegister for the 11:00 a.m. program here: http://usw.to/TT6-7-11AM \nRegister for the 8:00 p.m. program here: http://usw.to/TT6-7-8PM']"
163,135,163_workers_wages_department_republicans,"['workers', 'wages', 'department', 'republicans', 'salaried', 'supportot', 'families', 'businesses', 'jobs', 'hours']","['Don\'t get too excited about tax-free overtime, because overtime ""won\'t be there. It won\'t exist.""', '""Rising inequality has had serious economic and fiscal effects. Key among them: It has hurt economic growth. By 2018, the rise in income inequality since 1979 was reducing growth in aggregate demand by about 1.5% of GDP. Rising inequality constrains overall economic growth by reducing economywide spending: Spending falls as inequality redistributes income from lower-income households (that need to spend more of their income to meet living expenses) to higher-income families (that have the luxury to save money). EPI’s estimate of the “all else equal” drag on household spending growth from rising inequality is based in part on a careful calculation of savings rates by income group that allows even savings decisions of very high-income households to be examined. For example, the data show that by 2018, the top 1% were securing 16.4% of income (income before taxes and benefits), up from 8.9% in 1979. And they were saving 30.6% of their income, over 60 times as much as the bottom fifth of households.""', 'Americans are working longer hours and still not getting ahead - and millions of workers are suffering from unpaid overtime. The Department of Labor released an overtime rule change proposal that would fix this problem by raising the base pay for overtime eligibility. Tell the DOL that you stand by their proposal so they can make it official.']"
164,135,164_celebrate_go_national_hero,"['celebrate', 'go', 'national', 'hero', 'students', 'be4all', 'children', 'them', 'california', 'make']","['Happy National School Lunch Week from AFT! This week, we recognize how important healthy school meals are for students to learn, and thank our school nutrition workers for feeding students & communities, and helping to create real solutions for kids.', 'We believe that every child deserves the opportunity to learn and thrive in safe and welcoming schools. We also know that learning and thriving is nearly impossible on an empty stomach. That’s why we’ve been working to expand school meal and nutrition programs, pressuring Congress to make healthy school meals for all a permanent program, and providing free, healthy meals to students and their families throughout the pandemic.\n\nIn honor of #NationalSchoolLunchWeek (October 11-15), we want to hear from you. Tell your story about how school meals would help your community here: https://www.aft.org/national-school-lunch-week/', 'School nutrition professionals make the meals that help students learn. Today, in honor of School Lunch Hero Day, make sure to thank all the hardworking food service workers in your life! 🍎']"
165,135,165_indigenouspeoplesday_nativeamericanheritageday_peoples_alaskanativeheritagemonth,"['indigenouspeoplesday', 'nativeamericanheritageday', 'peoples', 'alaskanativeheritagemonth', 'heritage', 'national', 'communities', 'proclamation', 'inhabitants', 'honoring']","['November is National Native American Heritage Month, and teaching the ways of life of Indigenous peoples from around the world is important to understanding our shared sense of humanity. \n\nShare My Lesson is your go-to resource for Indigenous peoples and Native American lesson plans with this free preK-12 collection of resources. Check it out: https://sharemylesson.com/collections/native-americans-and-indigenous-peoples', ""Today we celebrate Indigenous Peoples' Day and honor the cultures, histories, and contributions of Indigenous and Native communities. We stand in solidarity with Indigenous workers and their fight for justice, equity, and respect in the workplace and beyond. \n#StandUpUAW"", ""In honor of National Native American Heritage Month, let's celebrate the contributions and culture of indigenous peoples around the world. \n\nCheck out these Share My Lesson resources to learn more. https://sharemylesson.com/indigenous""]"
166,133,166_diversityweek_conference_1udiversityweek_august,"['diversityweek', 'conference', '1udiversityweek', 'august', 'org', 'events', 'diversityweek17', 'activists', 'leaders', 'education']","['The AFGE Women’s and Fair Practices Departments is hosting a series of member-only Racial Justice forums this week to allow AFGE members to share their experiences and identify ways our union can be a better advocate for communities of color. \n\nVisit http://afge.org/Webinars to register.', 'AFGE’s Field Services and Education department has four webinars coming up in February: Stewards Online Orientation (February 5), Basic Workers’ Compensation (February 20-21), Local Officers Online Orientation (February 25), and Introduction to Collective Bargaining (February 26). Webinars are available to all AFGE members but have a tendency to fill up, so sign up today! \n\nRegister for these or future webinars here: www.afge.org/webinars', 'Have you signed up for AFGE’s February webinars? Register today: www.afge.org/webinars\n\nAnd REMEMBER: AFGE Learn offers free training on demand! Visit www.afge.org/leaders-activists/education/afge-learn/ to learn more!']"
167,131,167_solidarity_solidarityinsteel_union_electionsmatter2016,"['solidarity', 'solidarityinsteel', 'union', 'electionsmatter2016', 'steelworkers', 'strongertogether', 'oneuniononevote', 'delegates', 'members', 'committees']","[""500 spouses of UAW members attend a meeting at Solidarity House—UAW's headquarters in Detroit, Michigan—to discuss the union’s collective bargaining and legislative programs. \n\nSolidarity House opened on July 14, 1951.\n\n#StandUpUAW\n\n📸 Walter P. Reuther Library, Archives of Labor & Urban Affairs"", 'A couple of vintage buttons from the new UAW collection at the Walter P. Reuther Library, Archives of Labor & Urban Affairs.', ""A 1960's get-out-the-vote message from the UAW's Solidarity Magazine, from the union's archives at the Walter P. Reuther Library, Archives of Labor & Urban Affairs.\n#StandUpUAW""]"
168,130,168_adsolidarityfund_workers_union_ca,"['adsolidarityfund', 'workers', 'union', 'ca', 'teamsters', 'san', 'organizing', 'joined', 'unionize', 'facilities']","['BREAKING: Over 100 Amazon warehouse workers at the trillion-dollar company’s DCK6 warehouse in San Francisco have joined the Teamsters and are demanding that Amazon recognize their union and negotiate a Teamsters contract.\n\nAmazon Teamsters at the San Francisco facility are the second group of Amazon workers in the last few weeks alone to go public in joining the Teamsters.\n\nThe Amazon Teamsters movement grows bigger and stronger every day and will not be stopped. Amazon workers: this is our moment. Join the Teamsters today!', 'Amazon workers at facilities across the United States are joining the Teamsters! \n\nToday, hundreds of Amazon drivers at the trillion-dollar company’s facility in Queens, N.Y., went public in joining the Teamsters and are demanding that Amazon recognize their union and negotiate a Teamsters contract. \n\nAmazon workers: this is our moment. Join the Teamsters today!', 'Amazon Teamsters are making historic breakthroughs to unionize Amazon. \n\nToday, hundreds of Amazon drivers at the trillion-dollar company’s facility in Victorville, Calif., went public to become Teamsters and are demanding that Amazon recognize their union and negotiate a Teamsters contract. \n\nA mass movement of Amazon workers fighting to organize Amazon with the Teamsters Union has erupted at facilities across the United States. \n\nAmazon workers: this is our moment. Join the Teamsters today!']"
169,130,169_union_unionize_workers_unionstrong,"['union', 'unionize', 'workers', 'unionstrong', 'coworkers', 'organizeyourworkplace', 'workplace', 'organizing', 'organize', 'work']","['Don’t quit, organize! You and your co-workers together have the power to change your workplace for the better. Contact a union organizer today: https://www.rwdsu.info/contact_an_organizer #1u #OrganizeYourWorkplace', 'If not now, when? If not you, who? It’s always the right time organize your workplace for the better. Contact an organizer today: https://www.rwdsu.info/contact_an_organizer #1u', 'Let’s build a strong union in your workplace. Contact an organizer: https://www.rwdsu.info/contact_an_organizer #1u']"
170,129,170_union_workers_unionized_unite,"['union', 'workers', 'unionized', 'unite', 'unitehere', 'workplace', 'legislation', 'seattle', 'chicago', 'local']","[""Workers at Donald Trump's Las Vegas hotel recently formed a union and now Trump refuses to negotiate with them. So thousands of AFSCME members rallied in solidarity with their sisters and brothers from the Culinary Workers Union outside of Trump's hotel."", 'Some photos from Trump Hotel Rally in DC. Solidarity with the working families who are fighting for a contract at the Trump Las Vegas Hotel! #UniteAC #1u', '""Workers with unions have more ability to object. In Chicago, the City Council just passed an ordinance requiring hotel employers to provide hotel workers who work alone in rooms with a portable “panic button” to summon help from hotel security. It also requires hotels to make public their anti-sexual harassment policies, affords hotel workers the right to stop work and leave a room if they feel threatened and prohibits hotel employers from retaliating against hotel workers who report sexual harassment or assault.""\n\nThis ordinance would not have been passed if not for the fight led by UNITE HERE Local 1. Thanks to their efforts, research, and bravery speaking out, #HandsOffPantsOn legislation sets the precedent that, in Chicago, sexual harassment in the hotel industry will not be tolerated. \n\n#unitehere  #HandsOffPantsOn']"
171,128,171_cosponsored_usw2020_newyearsresolution_teamwork,"['cosponsored', 'usw2020', 'newyearsresolution', 'teamwork', 'news', 'standdown', 'foxnews', 'goals', 'yawn', 'benefits']","['#1u', '✊ #1u', '✊🏻✊🏼✊🏽✊🏾✊🏿 #1U']"
172,126,172_wages_notourlaborsecretary_labor_worker,"['wages', 'notourlaborsecretary', 'labor', 'worker', 'antilaborsecretary', 'wage', 'antilabor', 'notourlaborsec', 'corporations', 'company']","[""Ever wonder why Andy Puzder would be bad for working families as secretary of Labor? Here are some reasons: Puzder's corporation CKE Restaurants is a persistent labor law violator, Puzder believes that workers in his industry should be replaced by machines, and Puzder opposes an overtime rule that would raise wages for millions of American workers. Working families deserve better, call your Senator now at 1-855-534-1774! http://go.cwa.net/2jVh3F5"", 'Puzder would be a disaster for workers.', ""Workers need a Labor Secretary that is pro-worker. That's not Andrew Puzder.""]"
173,126,173_wishing_we_edu_collective,"['wishing', 'we', 'edu', 'collective', 'peace', 'bring', 'togetherness', 'wishes', 'happiness', 'celebrate']","['Happy #Hanukkah to all who celebrate! ✡️', 'Happy Hanukkah to all who celebrate! 🕎', 'Happy Hanukkah to all who celebrate!']"
174,125,174_workers_employers_togetherwefighttogetherwewin_involved,"['workers', 'employers', 'togetherwefighttogetherwewin', 'involved', 'togetherwefighttogetherwewi', 'support', 'go', 'protections', 'org', 'governors']","['All frontline transit workers hazard pay. Take action to support Safe Service for transit workers and riders at https://bit.ly/safeservicenow', 'All transit workers deserve hazard pay amidst the COVID-19 pandemic. \n\nTake action to support Safe Service Now for transit workers and riders at https://bit.ly/safeservicenow', 'ATU Locals across the U.S. and Canada are fighting for Safe Service protections for transit workers and riders during the COVID-19 pandemic.\n\nTake action for Safe Service Now for transit workers now at https://bit.ly/safeservicenow.']"
175,125,175_union_crews_unionmade_members,"['union', 'crews', 'unionmade', 'members', 'buccaneers', 'uswmade', 'ufcw', 'employeeappreciationday', 'chiefs', 'seahawks']","[""Make sure it's UNION-MADE on Super Bowl Sunday!"", 'Make it a union-made Super Bowl Sunday! 🏈', 'As you plan and shop for the big game this Sunday, make sure your Super Bowl is Union-Made! #1u #SuperBowl']"
176,124,176_charity_teamsters2016_delegates_uswcares,"['charity', 'teamsters2016', 'delegates', 'uswcares', 'committee', 'assistance', 'conference', 'attend', 'convention', 'staff']","['See you at the William W. Winpisinger Education and Technology Center, Jeff!', ""William W. Winpisinger Education and Technology Center's Women's Leadership Class."", 'Fighting for our future and taking care of business! The IAM William Winpisinger Education Center working hard to train members across the USA and Canada. William W. Winpisinger Education and Technology Center <redacted_mention> Transportation Communications Union / IAM']"
177,123,177_transitworkerappreciationday_congress_workers_mypublictransitstory,"['transitworkerappreciationday', 'congress', 'workers', 'mypublictransitstory', 'worker', 'fare', 'civil', 'transit', 'transportation', 'savetransit2021']","['Cleveland transit workers and allies call for more investment in public transit', ""Today we're celebrating Transit Workers for getting us all where we want to be. \n\nThank you to all transit workers, including the many wonderful members of the IAM who work in transit and in transit-supporting industries! \n\nHappy #TransitWorkerAppreciationDay ✈️🚄🚇🚙🚁🚉"", 'COVID-19 pandemic highlights the critical role of public transit this Transit Equity Day\n\nATU International President John A. Costa released the following statement to mark Transit Equity Day and Rosa Parks\' birthday.\n\n""The COVID-19 pandemic has put into sharp focus the significant role public transit plays in our society and the disparities that exist to this day. Public transit has been a lifeline to our communities and essential workers, doctors, nurses, and sanitation workers who must get to their life-saving jobs.""  \n\n""This year\'s Transit Equity Day during the pandemic, our struggle towards freedom and equality in honor of Rosa Parks is even more pressing. We must continue to courageously demand access to equitable public transportation as a civil right for all."" \n\nRead the full statement at http://bit.ly/3ATU-Transit-Equity-Day']"
178,123,178_nationallibraryworkersday_workers_unionize_union,"['nationallibraryworkersday', 'workers', 'unionize', 'union', 'employees', 'staff', 'united', 'workplace', 'patrons', 'council']","[""TAKE ACTION NOW to help Maryland's public library workers!"", 'On National Library Workers Day, we celebrate and honor all library workers across the nation. Libraries offer more than books. Libraries support and strengthen the foundation of our democracy — the free exchange of information and ideas for all.\n\nJoin us in thanking the 25,000 AFSCME library workers across the nation by signing our card today: https://afscme.org/hub/thank-a-library-worker', ""In honor of National Library Workers Day and National Library Week, we asked AFSCME members to send messages to our library professionals. Here's what they said.""]"
179,122,179_org_union_attend_enrollment,"['org', 'union', 'attend', 'enrollment', 'unionplus', 'associate', 'sessions', 'members', 'ebsunioncollegebenefit', '2021']","['It’s AFSCME’s mission to give you every advantage to get ahead. That’s why we’ve partnered with Eastern Gateway Community College. Through the AFSCME Free College benefit, you and your family members can now earn an associate degree completely online – for FREE. Learn how the benefit works here: http://freecollege.afscme.org/', 'The AFSCME Free College Benefit makes it possible for you and your family members to earn an associate degree completely online – for FREE. Check it out: https://freecollege.afscme.org/', 'New benefit available to AFSCME Members: A Free Associate College Degree!\n\nGo to http://freecollege.afscme.org to learn more about how you and your family can earn a completely free community college education.']"
180,121,180_unionsforall_wages_workers_unitedforsafetyatswedish,"['unionsforall', 'wages', 'workers', 'unitedforsafetyatswedish', 'staffing', 'strikeforourlives', 'solidarity', 'staff', 'healthcare', 'strike']","['Caregivers at 21 nursing homes across Pennsylvania are going ON STRIKE to address unsafe staffing levels, a global pandemic, and outdated nursing home regulations. SEIU Healthcare Pennsylvania ✊🏻✊🏼✊🏽✊🏾✊🏿 Show up and show your support:  https://seiu.co/investincare', 'WATCH: Nursing home workers from coast to coast are speaking up and demanding good union jobs, safe staffing levels, affordable healthcare, paid sick leave, holding nursing home corporations accountable and quality care for residents. #CareIsEssential #UnionsForAll', 'ICYMI: Nursing home workers at 39 Connecticut nursing homes are ready to strike for fair wages and safe staffing levels!']"
181,120,181_benefits_scholarships_university_teamsters,"['benefits', 'scholarships', 'university', 'teamsters', 'scholarship', 'students', 'college', 'financial', 'members', 'seniors']","['The sons and daughters of Teamster members (including GCC, BLET and BMWED members) are invited to apply for college and vocational or training program scholarships from the James R. Hoffa Memorial Scholarship Fund. Details can be found at www.jrhmsf.org', 'Vocational/Training scholarships (up to $2,000) are now available from the James R. Hoffa Memorial Scholarship Fund in addition to the Academic Scholarship ($10,000 or $1,000). These scholarship opportunities are for the sons and daughters of Teamster members (including the BLET, BMWED and GCC). Please see the new website to obtain an application:  www.jrhmsf.org', 'The new online system for submitting applications for the Academic or Vocational scholarships from the James R. Hoffa Memorial Scholarship Fund is now available. Please click here to apply: www.jrhmsf.org.  \nThe scholarships are for the sons and daughters of Teamster members (including the BLET, BMWED and GCC). *Deadline is March 31.']"
182,120,182_americasfightingdemocraticunion_union_association_organizetheskies,"['americasfightingdemocraticunion', 'union', 'association', 'organizetheskies', 'members', 'campaign', 'crewmembers', 'unitedinvincible', 'voting', 'wemoveamerica']","['JetBlue inflight crewmembers, are you voting YES for TWU? Show your support with our profile picture frame!', 'JetBlue IFCs took on Capitol Hill this week. Pictured are TWU JetBlue Health & Safety Committee Chair Shane Rogers-Mauro, TWU Political Action Director Regina Eberhart and TWU JetBlue Legislative Affairs Committee Chair Erron Ford.', 'Members of Local 556 are ready to take part in the Association of Flight Attendants press conference on aircraft cabin temperature regulations. TWU also represents TWU JetBlue Inflight, Allegiant and Flight Services International flight attendants.']"
183,118,183_iwillvote_electionday_ballot_votingabsentee,"['iwillvote', 'electionday', 'ballot', 'votingabsentee', 'nycabsentee', 'rwdsu2021electionhub', 'vote', 'voting', 'nycvotes', 'rwdsu_2020_election_hub']","['NY voters: the early voting period for the 6/22 primary begins on Sat, June 12! Make a plan to vote – whether you’re voting by absentee ballot, voting early, or voting on Election Day. \n\nFind your pollsite: https://findmypollsite.vote.nyc/\n\nRequest a ballot ASAP: https://nycabsentee.com/\n\nLearn more about Ranked Choice Voting: https://bit.ly/rwdsuRCVFlyers', 'Georgia voters: early voting begins today and continues through October 29! Make a plan to vote, whether you’re voting early, by mail, or on Election Day. Check out the RWDSU election hub to find your voting location and hours: https://www.rwdsu.info/rwdsu2021electionhub_ga', 'It’s never too early to make your plan to vote – especially if you need to register to vote or request an absentee ballot! \n\nHead to the RWDSU Election Hub to find all the info you need: https://www.rwdsu.org/election-hub']"
184,116,184_union_laborers_labor_council,"['union', 'laborers', 'labor', 'council', 'membermonday', 'secretaries', 'elect', 'department', 'laborer', 'rights']","['The ATU applauds the Senate confirmation of Boston Mayor and former union leader Marty Walsh as the new Secretary of Labor. Mayor Walsh has been an ally to our members of Boston Carmen’s Union Local 589, standing with us to fight and stop efforts to privatize the bus system. We look forward to working with Secretary Walsh to improve the rights and labor protections of all working people. #TogetherWeFightTogetherWeWin', 'Thanks to Labor Secretary Marty Walsh for joining us!', 'The great Mayor of Boston Marty Walsh!']"
185,116,185_inauguration_inagurationday2021_work_solidarity,"['inauguration', 'inagurationday2021', 'work', 'solidarity', 'connectionjulyaug2019', 'uswatwork', 'everybodysunion', 'usw_workvol14', 'uswlife', 'uswnt']","['Let’s all welcome our new brothers, sisters and siblings from Local 2227, Irvin Works, to the Steelworker family! #USWUnity', 'Welcome to the Steelworker family! #USWUnity', 'Welcome to our family!! #USWUnity']"
186,115,186_union_nationwide_unionized_represented,"['union', 'nationwide', 'unionized', 'represented', 'teamunion', 'bill', 'unionplus', 'provider', 'employing', 'plan']","['Fall in love with extra wireless savings, exclusively for union members! Switch to AT&T Wireless and get $100 in bill credits PER LINE when you buy a new smartphone on a qualifying installment plan with an eligible AT&T wireless plan.\n\n* Offer ends 10/31!\nSwitch & Save: https://unionplus.click/u86\n\n*Exclusions and limitations apply. Visit unionplus.org/att for more details.', 'Fall in love with extra wireless savings, exclusively for union members! Switch to AT&T Wireless and get $100 in bill credits PER LINE when you buy a new smartphone on a qualifying installment plan with an eligible AT&T wireless plan.* Offer ends 10/31!\n \nSwitch & Save: https://unionplus.click/u86\n \n*Exclusions and limitations apply. Visit unionplus.org/att for more details.', 'You could save on wireless this holiday season with @Union Plus benefits! USW members save 15% on the monthly service charge of qualified wireless plans and 20% on select accessories from AT&T. Click the link for more details on this exclusive wireless discounts - http://unionplus.deals/2ce7.']"
187,115,187_lifeline_bipartisan_org_utm_campaign,"['lifeline', 'bipartisan', 'org', 'utm_campaign', 'federal', 'policy', 'proposal', 'protect', 'email', 'utm_source']","['Join us for a virtual fireside chat with Federal Communications Commission (FCC) Acting Chairwoman Jessica Rosenworcel, CWA President Chris Shelton and a group of CWA members from our Build Broadband Better project.\n\nThe discussion, which will be moderated by CWA District 4 Vice President Linda Hinton, will focus on how the FCC is addressing the pressing need for affordable, reliable broadband service and what CWA members can do to help promote broadband access in their communities.', 'US Senators Maggie Hassan, Roger Wicker, and Jerry Moran introduced the Mobile Accuracy and Precision Broadband Act to improve the accuracy of the FCC’s wireless broadband coverage map. The legislation ensures that federal resources are targeting unserved areas that do not have access to reliable mobile broadband service. The FCC’s seriously-flawed mobile coverage map threatens to exclude many rural communities from much-needed wireless broadband support. https://speedmatters.org/news/bipartisan-group-of-senators-aim-address-wireless-coverage-map?utm_medium=email&utm_source=speedmatters&utm_campaign=20180604WeeklyUpdate&link_id=6&can_id=404f9c12df82468355d663544cb8ae66&email_referrer=email_364169&email_subject=the-broadband-bulletin-this-week-in-telecom-policy-news', 'We will keep fighting for broadband for all. \nhttps://cwa-union.org/news/cwa-leaders-continue-fight-for-affordable-broadband-access-for-all']"
188,115,188_unions_employers_employees_industry,"['unions', 'employers', 'employees', 'industry', 'bargaining', 'local', 'guilds', 'alliance', 'artists', 'members']","['Hollywood Basic Local Negotiations Update: \nLocal 695 Reaches Tentative Agreement With AMPTP, Other Locals’ Talks to Follow\n\nFollowing a day of in-person negotiations, the Alliance of Motion Picture and Television Producers (AMPTP) and International Alliance of Theatrical Stage Employees (IATSE) Local 695 reached a tentative agreement on the Locals’ craft-specific issues, Monday. IATSE International Vice President Mike Miller commented, “I applaud the leadership shown by Local 695’s Negotiating Committee. Their work to prepare thoroughly for this round of negotiations helped pave the way for this tentative agreement.""\n\nLast week, it was announced that Locals 600, 800, and 729 had also reached tentative agreements during the first week of IATSE Local Negotiations. As of today, four of thirteen West Coast Studio Locals\' have tentatively addressed their craft specific issues in talks with the AMPTP. More information regarding these Local agreements will be provided to members by their Local Unions once Memorandums of Agreement have been formally drafted by the lawyers of both parties and submitted to the corresponding Local for approval.\n\nHowever, it is important to note the process is not complete until the conclusion of Basic Agreement General Negotiations, which cover issues that affect all IATSE members who work under the Basic Agreement. In other words, members should expect the Local agreements to be only part of the overall package to come in the General negotiations, which are not expected to begin until May at the earliest.\n\nTalks continue this week with Local 80 starting its in-person negotiations with employers Tuesday, Local 706 is scheduled to start on Wednesday March 27, and Local 700 is set to resume its negotiations later this week. The remaining IATSE West Coast Studio Locals (WCSL) will continue bargaining with the AMPTP on their craft-specific proposals in the coming weeks as part of a phase of the overall Basic Agreement negotiation process. Local negotiations began on March 18 and are expected to last through April 26.\n\nFinally, IATSE is calling on ALL film and tv sisters, brothers, and kin to participate in #OneFightFridays, and wear union swag each Friday for the remainder of the negotiations to visually showcase our power and unity across the country.', 'Hollywood Basic Bargaining Update: Individual Local Negotiations with AMPTP Begin\n\nFollowing a caucus week, negotiations between the International Alliance of Theatrical Stage Employees (IATSE) and the Alliance of Motion Picture and Television Producers (AMPTP) resumed Monday, with talks entering a new phase where each of IATSE’s 13 West Coast Studio Locals (WCSL) individually negotiate their Locals’ craft specific issues with the studios. This phase of the process is expected to last from March 18 to April 26.\n \nIn an effort to ensure each of these 13 local unions has sufficient time to negotiate with the AMPTP ahead of the resumption of the Hollywood Basic Agreement General Negotiations and the start of the IATSE-AMPTP Area Standards Agreement Negotiations, two locals will negotiate simultaneously at any given time.\n \nOn Monday March 18th, the International Cinematographer’s Guild (IATSE Local 600) and the Art Directors Guild (IATSE Local 800) each began their individual negotiations with the studios. The Motion Picture Editors Guild (IATSE Local 700) and IATSE Local 729 are expected to begin their negotiations with the AMPTP later in the week.', '🚨 NEGOTIATIONS UPDATE: IATSE, AMPTP To Schedule Additional Dates to Close Hollywood Basic Agreement\n\nThe International Alliance of Theatrical Stage Employees (IATSE) and the Alliance of Motion Picture and Television Producers (AMPTP) reached the end of scheduled bargaining dates for the Hollywood Basic Agreement on Thursday. While the parties did not reach a tentative agreement, talks remain ongoing with further dates to be scheduled as soon as next week.\n\nThe Hollywood Basic Agreement is the umbrella contract that covers roughly 50,000 behind the scenes film and tv workers primarily located in Los Angeles, Calif., across IATSE’s 13 West Coast Studio Locals. Thus far negotiations have largely been productive, with the Basic Negotiating Committee and the studios reaching consensus on a number of issues.\n\nThe benefits portion of the agreement, related to the Motion Picture Industry Pension and Health Plan (MPIPHP), is being negotiated jointly by representatives of IATSE’s 13 West Coast Studio Locals, as well as representatives from IATSE Local 52, IATSE Local 161, The Animation Guild, IATSE Local 839, the Hollywood Basic Crafts, including Teamsters Local 399, International Brotherhood of Electrical Workers Local 40 (IBEW), Laborers International Union of North America Local 724 (LiUNA!), United Association Plumbers Local 78 (UA) and Operating Plasterers & Cement Masons International Association (OPCMIA) Local 755.\n\nInternational President Matthew D. Loeb stated, ""I want to thank the Basic Negotiating Committee and our union allies for their strength, solidarity, and insight throughout this process. I remain hopeful that our work will result in a tentative agreement that members will want to ratify.”\n\nOn Saturday June 1, the IATSE Area Standards Negotiating Committee and the AMPTP similarly did not reach a tentative agreement in the second of two scheduled weeks of talks regarding the ASA. \n\nThe ASA covers 23 local unions and around 20,000 film and tv workers across the U.S. excluding Los Angeles, New York, San Francisco, and Chicago. For those contract talks, the parties similarly agreed to schedule additional bargaining dates later in June.']"
189,114,189_solidarityiamsc_union_solidarity_actionnetwork,"['solidarityiamsc', 'union', 'solidarity', 'actionnetwork', 'support', '2020voterissue', 'vote', 'workers', 'strike', 'members']","[""Want to show your support for Boeing workers on the picket line?\n\nSign our solidarity pledge to let IAM District 751 and W24 know that you're behind them as they fight for all working families✊🇺🇸 \n\nhttps://actionnetwork.org/forms/your-support-is-needed-stand-with-iam-boeing-workers/"", 'Let The Boeing Company workers on the picket line know that you support them! \n\n🔗📢✊https://actionnetwork.org/forms/your-support-is-needed-stand-with-iam-boeing-workers', ""Boeing workers in Washington state, Oregon and California are on strike \n\nStand with these workers as they hold the line until Boeing offers a deal our members deserve.\n\nShow your support by signing this solidarity pledge and spreading the word! We need to raise our collective voice and show Boeing that America's workforce stands with Boeing workers in this fight.""]"
190,112,190_solidarityseason_solidarity_nonprofit_justice,"['solidarityseason', 'solidarity', 'nonprofit', 'justice', 'union', 'usw', 'kickstarter', 'uswvi', 'war', 'collective']","['""As trade unionists, and as a labor movement, it’s up to us to stand up and fight for the best of what humanity is and can be.\n\n""It is a product of our belief in humanity that innocent civilians must be protected. We cannot bomb our way to peace.\n\n""The only path forward to build peace and social justice is a cease-fire. As the UAW, we take pride in our history of standing up for justice at home and around the world.""\n\nhttps://inthesetimes.com/article/fain-cease-fire-speech-press-conference-union-palestine-gaza-israel-solidarity-ceasefire-uaw', '""As trade unionists, we stand in solidarity with workers everywhere, and join in movements leading towards a just and peaceful world, which upholds our values of democracy, equality and the respect for human and labor rights.\n\nOur unions are united in our call for a ceasefire in Gaza. To achieve a just and lasting peace, the bombing must stop, the hostages must be released, and the humanitarian aid that is so needed in Gaza must be realized.\n\nTogether, we have formed the National Labor Network for a Ceasefire. We stand for peace, justice, and a better future for working people everywhere."" — National Labor Network for Ceasefire \n\nJoin the webinar ""Building Bridges for Peace,"" tonight at 8pm ET.\n🔗 Register: L4CF.org\n\n#StandUpUAW #solidarity', ""A statement from APWU General Officers on the Conflict in Israel and Palestine:\n\nThe American Postal Workers Union is shocked and saddened by the tragic and ongoing violence in Israel and Palestine. As working people, we stand with the oppressed and the innocent, thousands of whom have lost their lives in the last month.\n\nAs a union that stands for equality, social justice, human and labor rights, and international solidarity, we unite with unions and people of goodwill around the world in calls for justice and peace.\n\nWe unreservedly condemn the Hamas violence of October 7, which killed over 1,000 Israeli civilians and saw the kidnapping of more than 200 people.\n\nHowever, Israel’s response has made the prospects for peace more remote. Over 10,000 innocent civilians, including 4000 children, have been killed by the relentless and indiscriminate bombing campaign on Gaza. Israel has shut off the flow of food, water, fuel and medical supplies to the Gaza Strip, a war crime. A humanitarian catastrophe is unfolding every day in Gaza. Thousands more innocent civilians stand to die wholly preventable deaths.\n\nWe call on our government, which is the primary foreign benefactor of the Israeli government, to use all its power to protect innocent lives and to help bring about peace in the region, and not use our tax dollars for more war.\n\nWe join the calls for an immediate ceasefire, the release of hostages, and urgently needed massive humanitarian aid to the people of Gaza. The cries of humanity demand nothing less.\n\nAPWU General Officers: President, Mark Dimondstein; Executive Vice President, Debby Szeredy; Secretary-Treasurer, Elizabeth 'Liz' Powell.""]"
191,112,191_workers_teamsters_strike_bargaining,"['workers', 'teamsters', 'strike', 'bargaining', '𝙩𝙤', '𝙝𝙖𝙫𝙚', '𝙩𝙝𝙚', 'construction', 'ineffective', '𝑲𝒆𝒍𝒍𝒐𝒈𝒈']","['Record profits at Marathon Petroleum should mean record contracts for Teamsters!  \n\nMarathon Petroleum made nearly $10 billion last year on the backs of Teamsters, yet the company claims to not have enough to pay workers their fair share. \n\nNearly 300 members of Teamsters Local 283 who make Marathon Petroleum’s Detroit refinery run are drawing a line in the sand and striking to ensure Marathon’s profits are shared with workers.', 'Nearly 300 Teamsters who make Marathon Petroleum’s Detroit refinery run are on strike to win the contract they deserve! \n\nThe most recent agreement for Teamsters at Marathon’s Detroit refinery expired more than seven months ago. Teamsters are done waiting for Marathon to share the nearly $10 billion in profits the company made last year.\n\nWorkers have been forced to strike to secure a contract that reflects just how important Teamsters are to Marathon’s financial success.', ""Nearly 300 members of Teamsters Local 283 are on Day 5 of a ULP strike against Marathon Petroleum at their Detroit refinery.\n\nMarathon Teamsters were forced onto the picket line to ensure labor at Marathon remains good-paying, middle-class Teamsters jobs.\n\nIt's time for Marathon Petroleum, which took in nearly $10 billion last year on the backs of Teamsters, to come to the bargaining table with improved wages and benefits for all job classifications. Record profits at Marathon Petroleum must mean record contracts for Teamsters!""]"
192,112,192_unionsunited_volunteers_congress_volunteer,"['unionsunited', 'volunteers', 'congress', 'volunteer', 'citizens', 'members', 'assistance', 'humanitarian', 'uaw', 'coordinated']","['Report from IBEW members on the ground in Puerto Rico', 'RWDSU helping with the recovery efforts in Puerto Rico!', 'We stand with the people of Puerto Rico.']"
193,112,193_laboral_información_compensación_un,"['laboral', 'información', 'compensación', 'un', 'con', 'una', 'conducir', '69', 'asegure', 'salarios']","['¡AHORRE DINERO AL ESTUDIAR, APLIQUE AQUÍ! ¡El Sindicato Unido de Techadores, Impermeabilizadores y Trabajadores Aliados está en busca de Aprendices de Techos! ¡No se requiere experiencia! Entrenamiento en el trabajo proporcionado! ¡COLOCACIONES INMEDIATAS DE TRABAJO CON UNO DE NUESTROS CONTRATISTAS SINDICALES!\n\nCompensación y Beneficios:\nLos salarios varían según la ubicación geográfica de la unión local. Pueden llegar a $ 44 por hora, pero en general, llegan a un promedio de alrededor de $ 30 por hora en el cheque. Reciba experiencia laboral, buenos salarios, valiosos beneficios médicos y de pensión, y asegure su futuro. ¡Conozca la diferencia de la Unión!\n\nTRABAJO INMEDIATO EN LAS SIGUIENTES\nCIUDADES (Ubicación y Salarios):\nAtlanta, Georgia - $13.28 - $22.98\nChicago, Illinois - $20.07- $44.06\nDunkerque, Nueva York - $15.50 - $31.00\nErie, Pennsylvania - $14.75 - $29.50\nHuntsville, Alabama - $14.69 - $24.49\nKansas City, Missouri - $16.48 - $32.95\nSanta Fe, Nuevo México - $14.69 - $24.49\nWheeling, West Virginia - $ 14.23 - $ 28.45\n\nRequisitos para el solicitante:\n-Licencia de conducir válida\n-Puede pasar un analisis de drogas\n-Verificación personal puede ser requerida\n\nAlojamiento:\nDespués de que su solicitud haya sido revisada, le contactaremos para el proceso de entrevista. Si\nes seleccionado, se le proporcionará al solicitante\ninformación sobre tarifas aéreas, alojamiento y\ntransporte.\n\nAPLIQUE AHORA: https://business.facebook.com/job_opening/2364899063798001/?source=post_homepage_stream&__tn__=HH-R', 'Como miembro del Sindicato Unido de Techadores, Impermeabilizadores y Trabajadores Aliados, usted sera parte de la fuerza de la voz del grupo: sus hermanos y hermanas en el sindicato. Usted tendra la protección de un contrato y la dignidad en el trabajo. Además, encontrará muchos beneficios, que incluyen salarios competitivos, plan de atención médica, seguridad para la jubilación, entrenamiento en el trabajo y sera parte de una hermandad capacitada para mejorar su trabajo. ¡Aplique hoy!\n\nCompensación y Beneficios:\nLos salarios varían según la ubicación geográfica de la unión local. Pueden llegar a $ 44 por hora, pero en general, llegan a un promedio de alrededor de $ 30 por hora en el cheque. Reciba experiencia laboral, buenos salarios, valiosos beneficios médicos y de pensión, y asegure su futuro. ¡Conozca la diferencia de la Unión!\n\nTRABAJO INMEDIATO EN LAS SIGUIENTES CIUDADES (Ubicación y Salarios):\nAtlanta, Georgia - $ 13.28- $ 22.98\nChicago, Illinois - $ 20.07- $ 44.06\nDunkerque, Nueva York - $ 15.50- $ 31.00\nErie, Pennsylvania - $ 14.75 - $ 29.50\nHuntsville, Alabama - $ 14.69 - $ 24.49\nKansas City, Missouri - $ 16.48 - $ 32.95\nSanta Fe, Nuevo Mexico - $14.69 - $24.49\nWheeling, West Virginia - $ 14.23 - $ 28.45\n\nRequisitos para el solicitante:\n-Licencia de conducir valida\n-Puede pasar un analisis de drogas\n-Verificación personal puede ser requerida\n\nAlojamiento:\nDespués de que su solicitud haya sido revisada, le contactaremos para el proceso de entrevista. Si es seleccionado, se le', '¿Buscas un nuevo comienzo, una nueva carrera, en una nueva ubicación? ¡La Unión Unida de Techadores, Impermeabilizadores y Trabajadores Aliados está en busca de Aprendices de Techos para COLOCACIONES INMEDIATAS DE TRABAJO CON UNO DE NUESTROS CONTRATISTAS SINDICALES!\nSi le gusta trabajar al aire libre, con sus manos, en un ambiente de equipo, entonces aceptará el desafío de trabajar como techador y impermeabilizador. Sus días pueden resultar en trabajo duro, a menudo en las alturas, pero se enorgullecerá cuando vea el producto de su habilidad y destreza y la de sus compañeros de trabajo.\n\nTechadores e impermeabilizadores realizan muchos trabajos:\n-Aplicación de techos construidos en caliente.\n-Aplicación de techos de una sola capa.\n-Instalación de tejas y techos de pizarra.\n-Impermeabilización de cimentaciones y plazas.\n-Revestimiento de estanques y tanques.\n-Cada trabajo de techado es diferente. Cada trabajo es en una nueva ubicación. Y este trabajo nunca es aburrido!\n\nCompensación y Beneficios:\nLos salarios varían según la ubicación geográfica de la unión local. Pueden llegar a $ 44 por hora, pero en general, llegan a un promedio de alrededor de $ 30 por hora en el cheque. Reciba experiencia laboral, buenos salarios, valiosos beneficios médicos y de pensión, y asegure su futuro ¡Conozca la diferencia de la Unión!\n\nTRABAJO INMEDIATO EN LAS SIGUIENTES CIUDADES (Ubicación y Salarios):\nAtlanta, Georgia - $13.28 - $22.98\nChicago, Illinois - $20.07- $ 44.06\nDunkerque, Nueva York - $15.50 - $31.00\nErie, Pennsylvania - $14.75 - $29.50\nHuntsville, Alabama - $14.69 - $24.49\nKansas City, Missouri - $16.48 - $32.95\nSanta Fe, Nuevo México - $14.69 - $24.49\nWheeling, West Virginia - $14.23 - $28.45\n\nRequisitos para el solicitante:\n-Licencia de conducir válida\n-Puede pasar un analisis de drogas\n-Verificación personal puede ser requerida\n\nAlojamiento:\nDespués de que su solicitud haya sido revisada, le contactaremos para el proceso de entrevista. Si es seleccionado, se le proporcionará al solicitante información sobre tarifas aéreas, alojamiento y transporte.\n\nAPLIQUE AHORA: https://business.facebook.com/job_opening/2283696475077552/?source=post_homepage_stream&__tn__=HH-R']"
194,111,194_nationalfoodbankweek_foodbankweek_volunteers_participate,"['nationalfoodbankweek', 'foodbankweek', 'volunteers', 'participate', 'org', 'participating', 'national', 'nalc_national', 'may', '48th']","[""The National Association of Letter Carriers Stamp Out Hunger Food Drive is in one week! Will you or your local union participate in America's biggest one-day food drive? Find more info here: www.nalc.org/community-service/food-drive"", 'The 24th annual National Association of Letter Carriers Stamp Out Hunger Food Drive – the largest one-day food drive in America – is Saturday, May 14! Visit www.nalc.org/community-service/food-drive to learn more about how you and your local union can participate.', 'Today is the National Association of Letter Carriers Stamp Out Hunger Food Drive! Leave a bag of groceries by the mailbox and your letter carrier will make sure they reach a family in need! \n\nRead more here: https://www.nalc.org/community-service/food-drive']"
195,110,195_unionendorsement_solidarity_council_ulpstrikesupport,"['unionendorsement', 'solidarity', 'council', 'ulpstrikesupport', 'solidarityinsteel', 'workers', 'strike', 'protectmyvoice', 'support', 'bargaining']","['We stand together in solidarity with our brothers and sisters unfairly locked out at ATI! Like and Share if you stand with us! #StrongerTogether #USWWorks', 'ATI has made their move, and shown that they are unwilling to bargain in good-faith. Our sisters & brothers have been unfairly locked out of their jobs by ATI. LIKE & SHARE to show your support and let ATI know we are strong, united and ready to do whatever it takes to win a fair contract for our families and our communities! Click here for more: http://usw.to/ATIBarg   #StrongerTogether #USWWorks', 'BARGAINING UPDATE: More Misleading Information from ATI Management.  Click here for more: http://usw.to/ATI #USWWorks #StrongerTogether']"
196,109,196_gov_legislation_legislature_lawmakers,"['gov', 'legislation', 'legislature', 'lawmakers', 'state', 'senate', 'jobs', 'teamsters', 'governments', 'council']","['Yesterday, the California Senate Transportation Committee overwhelmingly passed two Teamsters-backed bills, Assembly Bill 2286 (AB 2286) and Assembly Bill 3061 (AB 3061), that would regulate autonomous vehicles (AVs) throughout the state. AB 2286 and AB 3061 are both part of the CARS legislative package on autonomous vehicles that the Teamsters are advocating for to protect good union jobs and public safety.\n\n""Keeping roads safe and protecting our livelihoods are issues that everyone can get behind,"" said Peter Finn, Teamsters Western Region International Vice President and President of Teamsters Joint Council 7. ""It’s time to start passing these common sense AV regulations instead of letting Big Tech call the shots.""\n\n""The ongoing federal investigations into the largest autonomous vehicle companies are another proof point that autonomous vehicles are disasters waiting to happen,"" said Chris Griswold, Teamsters International Vice President At-Large and President of Teamsters Joint Council 42. ""It’s past time for California communities to get an opportunity to hold these companies accountable. The Teamsters will continue to fight for our members and put good union jobs and safety first.""', 'The California Assembly Transportation Committee yesterday passed two Teamsters-supported bills, Assembly Bill 2286 (AB 2286) and Assembly Bill 3061 (AB 3061), that would regulate autonomous vehicles (AVs) in the state. AB 2286 and AB 3061 are part of the CARS legislative package on autonomous vehicles that the Teamsters are advocating for to protect good jobs and public safety, alongside Senate Bill 915, which would require AV companies to secure local approvals prior to starting operations. \n\n“The Teamsters applaud the elected leaders on the Assembly Transportation Committee who supported these bills to protect California’s streets and hold autonomous vehicle companies accountable,” said Chris Griswold, Teamsters International Vice President At-Large and President of Teamsters Joint Council 42. “From robotaxis to autonomous big rigs, AVs should not be operating on our roads without a human driver behind the wheel. We cannot trust AV companies to be transparent about their internal operations.”', 'The Teamsters and the California Labor Federation are lauding the California Assembly Transportation Committee for overwhelmingly voting on Monday to approve Assembly Bill 316 (AB 316), which would require a trained human operator in autonomous vehicles weighing over 10,000 pounds. \n\nAs AB 316 passes through the California legislature, the California Department of Motor Vehicles (DMV) is considering a regulatory framework that would allow for autonomous vehicles over 10,000 pounds to hit the road, possibly within one year, without consent from the state legislature.\n\n“Statewide support for AB 316 is essential as California considers the increased use of autonomous vehicles on our roads,” said Randy Cammack, President of Teamsters Joint Council 42. “Representing thousands of truck drivers across the state, the Teamsters will continue to fight for our members’ good jobs and safety on the roads, as well as the safety of all California drivers. The public should not be treated as a lab rat for big corporations to test their technology. Californians deserve a safety-first approach, and this bill would do just that.” Click below to read more...']"
197,109,197_agenda_corporations_oppose_vote,"['agenda', 'corporations', 'oppose', 'vote', 'corporate', 'independent', 'democracy', 'senators', 'against', 'call']","['Call your senators now at 1-855-713-0060 and tell them to reject Judge Gorsuch’s nomination. President Trump’s selection to the U.S. Supreme Court shows how out-of-touch he is with what working Americans need. Judge Gorsuch would further rig our economy and democracy against working families. http://bit.ly/2n4Zjtr #StopGorsuch', ""The first day of the Senate Judiciary Committee’s hearing on Judge Neil Gorsuch's nomination to the U.S. Supreme Court has begun and working families are calling their senators now at 1-855-713-0060 to demand they reject this nominee. Putting Judge Gorsuch on the court would be a step backwards for our families, and his record shows that he would rig our economy and democracy in favor of greedy corporations who line their pockets at the expense of working people. Call your senator now. http://bit.ly/2n4Zjtr #StopGorsuch"", 'President Trump’s selection of Judge Neil Gorsuch as the nominee for our U.S. Supreme Court shows how out-of-touch he continues to be with what working Americans need. Gorsuch’s confirmation would result in a Supreme Court that rules in favor of lawless executive actions and corporate CEOs that further rig our economy and democracy against working families.\n\nUse the link to tell your senators to vote NO on Judge Gorsuch. http://bit.ly/2koASF2\n#StopGorsuch']"
198,108,198_motivationalmonday_misappropriationmonday_we_fla,"['motivationalmonday', 'misappropriationmonday', 'we', 'fla', 'modaymotivation', 'mondaymotivation', 'motivationmonday', 'facts', 'machinists', 'pioneering']","['#MondayMotivation💪', '#mondaymotivation', '#MondayMotivation']"
199,107,199_outreach_volunteers_uswcares_feedingamerica,"['outreach', 'volunteers', 'uswcares', 'feedingamerica', 'volunteered', 'givingtuesday', 'annual', 'tomorrow', 'starting', 'here']","['Greg Reeves is Vice President for Local 728 and has been a part of the union for 25 years. Although, production sets have been cancelled on all sectors, Reeves says he is still working.  \n“Everyday I go to my kitchen and I pull out my laptop and I begin my outreach,” he says. “I am checking on people daily. I feel like it’s my duty to do check-in’s, I text or call ten members a day.” \nReeves says his Local has also launched a Peer to Peer Assistance Program concurrently with IATSE C.A.R.E.S.  \n#IATSE #Memberstory\n\nhttps://iatsecares.org/2020/04/16/local-728-vice-president-greg-reeves-talks-outreach-and-covid-19-peer-to-peer-assistant-program/', 'Here are a few snapshots from a second food drive (Jan. 29) for federal workers, hosted at the SIU hall in Honolulu. For all the right reasons, here’s hoping it’s the last one – but in the meantime, great job by everyone who volunteered to help.\n\nSIU Port Agent Hazel Galbiso reports that for this drive, there were 47 volunteers from the following organizations: SIU, AFGE, MM&P, MEBA, MFOW, HGEA, ILWU, Hawaii Masons & Plasterers, State AFL-CIO, Hawaii Port Council, Marimed, China Town Lyon’s Club, Salvation Army, and Congresswoman Gabbard’s staff.', ""Great work by USW Local 3199\n\nThe food drive has ended and all the supplies and donations have been given to the Second Harvest Food Bank of Northwest Pennsylvania. I will try to make this short. Our membership along with friends, family and coworkers really blew away all expectations. We thank everyone for their support and contributions. Ameridrives invited us into their shop with the representatives from the food bank to give well deserved recognition for all the effort their workers put in. We had other Units as well that made this a success Zurn, PHB, American Hollow Boring and Urick. We gathered a total of 2,228 lbs of food and supplies. We also raised $4,563 which is equivalent to over 27,000 meals! Covid-19 knocked the Erie community down and the Steelworkers are doing our best to help it get back up! Thank you again for everyone's support.            \nIn Solidarity,                    \n\nPresident Jesse Burns\nUSW Local 3199""]"
200,106,200_mayor_petition_federation_teamsters,"['mayor', 'petition', 'federation', 'teamsters', 'strike', 'workers', 'petitions', 'demanding', 'joined', 'io']","[""BREAKING! Workers at a XPO Logistics, Inc. warehouse in North Haven, Connecticut went on strike early this morning over the company's unfair labor practices. They are fighting to end the illegal abuses and manipulation from XPO!\n \nWhile the workers formed a picket line outside the warehouse before sunrise this morning, other XPO truck drivers, warehouse workers and intermodal drivers across the country have begun a global day of protests and informational leaflets at hundreds of company facilities to show that workers are united in standing up for fair pay, benefits and better working conditions. In the UK, France, Spain and Belgium, European XPO workers and international union leaders have been protesting at company offices and warehouses throughout the day to sound the alarm on XPO’s record of violating workers’ rights across the globe.\n\nLast week XPO held a shareholder meeting and paid CEO Bradley Jacobs $13 million. But today Teamsters and workers around the world are sending a message to Jacobs that workers are united in demanding respect! \n#WeAreXPO XPO Exposed\nInternational Transport Workers' Federation"", 'Yesterday, Teamster freight and port drivers joined European allies to protest anti-worker abuses at XPO, a top-ten global logistics and transportation company. While XPO port drivers face misclassification and wage theft, freight drivers at XPO/Con-way are being kept in the dark about terminal closures and layoffs. Unions in Europe are also  battling against XPO’s disrespect of workers. This global campaign is pushing back against the company’s anti-union tactics – and it’s only just beginning! Check out the video below and photos of yesterday’s action here: https://teamster.org/gallery/2016/05/us-european-workers-hold-rally-xpo-shareholder-meeting-may-11-2016\n#WeAreXPO', 'XPO and NFI Industries / CalCartage port drivers and warehouse workers have begun Day 2 on the #PortStrike. Picket lines have been up all morning in LA and San Diego.\n\nWorkers, with the support of #Teamsters, are calling on companies to stop breaking the law - end exploitation, wage theft and discrimination at the ports!\n\nJustice for Port Drivers XPO Exposed Our People Our Port Warehouse Worker Resource Center Los Angeles County Federation of Labor, AFL-CIO Los Angeles Alliance for a New Economy #WeAreXPO']"
201,104,201_iaffmediaawards_reporters_iaffmediaawards19_campaign,"['iaffmediaawards', 'reporters', 'iaffmediaawards19', 'campaign', 'paramedics', 'affiliate', 'org', 'honors', 'iaffmediaawards18', 'affiliates']","['The #IAFF is now accepting entries for the 2022 IAFF Media Awards Contest https://www.iaff.org/news/iaff-2022-media-awards-contest-opens/', 'The IAFF is now accepting entries for the 2022 IAFF Media Awards Contest https://www.iaff.org/news/iaff-2022-media-awards-contest-opens/', 'Enter the #IAFF Media Awards Contest!']"
202,104,202_union_workers_congress_agents,"['union', 'workers', 'congress', 'agents', 'bargaining', 'united', 'wages', 'association', 'agent', 'support']","['Today, Delta Air Lines workers, community, and labor allies rallied at the Minneapolis-St. Paul International Airport to demand that the company stop its anti-union tactics. The IAM, Teamsters, and the Association of Flight Attendants-CWA (AFA) joined together for Delta workers to have the right to join a union and negotiate for bigger paychecks, stronger benefits and better lives!', ""We're working with Association of Flight Attendants-CWA (AFA) and Teamsters to unionize Delta Airlines workers. \n\nIAM Air Transport Territory leaders are excited about combining our resources to get Delta workers the representation they deserve! \n\nDelta workers, Organize and Fly with us! ⚙️💪✈️"", 'We’re outside Delta’s shareholder meeting with Teamsters, Delta AFA Association of Flight Attendants-CWA (AFA), IAM Delta Workers Unite calling on Delta Air Lines to stop interfering with union elections! 📢⚙️✈️ #OrganizeAndFly']"
203,104,203_union_workers_unionized_unions,"['union', 'workers', 'unionized', 'unions', 'teamsters', 'stcu', 'coalition', 'local', 'wages', 'company']","['""Disney don\'t discriminate! We deserve the $1,000 tax cut bonus and a good raise too!"" via UNITE HERE Central Florida\n\nOrlando Disney workers rally this morning on the day the company is distributing the first installment of their $1,000 tax cut bonuses to only SOME of it\'s U.S. workforce. These are the workers whose bonuses would come if they met certain conditions. \n\nIn January, Disney announced $1,000 bonuses from the federal tax cut for 125,000 workers in the U.S. But for more than 41,000 union workers currently in union contract negotiations, there was a catch: They must agree to the company\'s contract proposals. In both Anaheim and Orlando, Disney workers are  fighting for livable wages to sustain a family. \n\nA new report highlighted some of the struggles workers at Disney\'s Anaheim resort endure, but Orlando workers are facing the same kinds of economic hardships -- including, in some cases, homelessness. This is unacceptable from a multi-billion-dollar corporation as large as Disney.\n\n#EndDisneyPoverty #DisneyRaise #DisneyDiscriminates #1u #unitehere', 'After months of negotiations between the Service Trades Council Union and Disney, Disney workers resoundingly rejected Disney’s contract offer. Thousands of union members voted over the course of two days on whether to accept or reject Disney’s latest offer. Voting ended at 5PM on Friday, February 3rd and shortly after union officials began to count the ballots. Results showed 13,650 votes cast, or 96%, voted “no” on Disney’s contract offer\n \nDisney proposed raises of $1 a year for most workers, but $1 is not enough. This leaves behind over 30,000 cast members struggling with the cost of living in Central Florida. The overwhelming rejection of Disney’s contract offer shows that workers are united and committed to fight for higher wages.', 'Not enough Disney! Pay Disney World, Orlando workers a fair wage.\n.\nUNITE HERE Central Florida, UNITE HERE!.']"
204,102,204_union_hiring_contact_announcement,"['union', 'hiring', 'contact', 'announcement', 'org', 'gov', 'graduation', 'academy', 'weldsmart', 'attend']","['NEW Job Bank Opening in S Carolina. http://smart-union.org/sheet-metal-job-bank/', 'Looking to travel? Visit the SM Job Bank for new opportunities. https://smart-union.org/sheet-metal-job-bank/', 'New sheet metal positions are available in Arizona, Wisconsin and other states. Find more details at the Sheet Metal Job Bank: https://smart-union.org/job-bank/']"
205,102,205_senators_public_representation_faircourts,"['senators', 'public', 'representation', 'faircourts', 'rights', 'bipartisan', 'justice', 'qualified', 'devoted', 'herfightourfight']","['⚖️Judge Ketanji Brown Jackson is eminently qualified and would make a strong, pro-worker addition to the Supreme Court. \n \n“We applaud the historic nomination of Judge Ketanji Brown Jackson to the U.S. Supreme Court. Judge Jackson has had a distinguished legal career, and she is eminently qualified for this critical lifetime position. Working people need a champion on the bench who will defend and protect our civil rights, including our right to organize in the workplace. Judge Jackson has a strong legal track record of fighting on behalf of working people, including during her tenure as an assistant federal public defender in Washington, D.C., and we are confident that she will bring that leadership to the highest court in the land.” \n\nRead more: https://aflcio.org/press/releases/afl-cio-calls-speedy-confirmation-judge-ketanji-brown-jackson-us-supreme-court \n \n#1u', 'The Senate has confirmed Judge Ketanji Brown Jackson to the U.S. Supreme Court!', 'History made! Congratulations to *SUPREME COURT JUSTICE* Judge Ketanji Brown Jackson!']"
206,100,206_4thofjuly2020_freedoms_afge_4thofjuly2018,"['4thofjuly2020', 'freedoms', 'afge', '4thofjuly2018', 'happy4thofjuly', 'july4th', 'let', 'patriotic', 'uswproud', '4thofjuly']","['Happy 4th of July.', 'Have a happy and safe July 4th!', 'Have a safe and happy 4th of July!']"
207,100,207_org_firefighters_scheduled_starting,"['org', 'firefighters', 'scheduled', 'starting', 'duty', 'september', 'service', 'fighters', 'firefighter', '11am']","['IAFF Fallen Fire Fighter Memorial ceremony begins', 'The 32nd IAFF Fallen Fire Fighter Memorial service will be held on Saturday, September 15 in Colorado Springs, Colorado. At this year’s memorial service, the IAFF will add 271 fallen fire fighters from the United States and Canada to the Wall of Honor.', 'IAFF Fallen Fire Fighter']"
208,100,208_union_unionplus_unionmadehalloween_labor411,"['union', 'unionplus', 'unionmadehalloween', 'labor411', 'unionmade', 'treaters', 'scotiabank', 'wafers', 'made', 'stock']","['Make sure your Halloween is all treats and no tricks by buying union-made in America candy. \n\nLONGER LIST from the AFL-CIO ----> http://aflcio.org/Halloween.', 'Make sure your candy is union made this Halloween!', 'Make sure your candy is union made this Halloween.']"
209,100,209_families_family_members_humanities,"['families', 'family', 'members', 'humanities', 'community', 'membership', 'grandchildren', 'associate', 'education', 'org']","['Earn your associate or bachelor’s degree for FREE with the UFCW Free College Benefit!\n\nThis benefit is open to UFCW members and their families. Next classes start January 10, 2022!\n\nClick here to read more:  ufcw.org/college/', 'Want to get your college for free? UFCW can help you!\n\nUFCW members and their families seeking to continue their education can enroll in online classes by taking advantage of the UFCW Free College program.\n\nFor more details, visit: https://www.ufcw.org/college/', 'What would you study in 2022 if you could go to college for free? \n\nWith the UFCW Free College Benefit, members & their family members can earn an associate degree online for FREE!\n\nTake the first step and apply today: https://www.ufcw.org/college/']"
210,99,210_org_affiliate_firefightersinpink_firefighters,"['org', 'affiliate', 'firefightersinpink', 'firefighters', 'registration', 'voting', 'vote', 'submissions', 'iaffinpink', 'leadership']","['Proud of your Breast Cancer Awareness Month pink T-shirt design? Submit it in the IAFF Pink T-Shirt Design Contest! pinkshirt.iaff.org', 'Proud of your Breast Cancer Awareness Month pink T-shirt design? Submit it in the #IAFF Pink T-Shirt Design Contest! https://pinkshirt.iaff.org', 'Proud of your Breast Cancer Awareness Month pink T-shirt design? Submit it in the #IAFF Pink T-Shirt Design Contest! https://pinkshirt.iaff.org/']"
211,98,211_union_unionstrong_steelworkers_uswunity,"['union', 'unionstrong', 'steelworkers', 'uswunity', 'local', 'advisory', 'org', 'registration', 'usw', 'membership']","['Local Union Communication reps from across the UAW will gather at the 2024 LUCA Conference, April 28 - May 3, to network and strategize about how to strengthen our local union communications. Contact your local leadership to register.\n\nLUCA membership is free to all UAW local unions. \nRegister: uaw.org/uaw-luca\n\n#StandUpUAW #UnionStrong', 'New! Register for the LUCA webinar series to build your skills and expertise as a local communicator. \n\n6/13 - LUCA 101\n7/9 - Intro to Podcasting\n8/6 - Social Media Strategies\n9/10 - Election 2024 Communications\n\nLUCA members can register today for these informative upcoming webinar training sessions. The UAW’s Local Union Communications Association (LUCA) offers training for local union communicators across our union. \n\nRegister for the webinar series here: https://actionnetwork.org/event_campaigns/luca-webinar-training-series\n\nNot a LUCA member? Your local can register for LUCA here:\nhttps://uaw.org/uaw-luca\n\nLUCA registration is free for all UAW locals.\n\n#StandUpUAW', ""UAW-LUCA members! Join an open discussion with the LUCA Advisory Council and LUCA members to discuss the upcoming conference slated for June 2025.\nLUCA is the UAW's Local Union Communicators Association. LUCA membership is free to all UAW local unions. Register here: https://uaw.org/uaw-luca/""]"
212,98,212_solidarity_togetherwefighttogetherwin_workers_support,"['solidarity', 'togetherwefighttogetherwin', 'workers', 'support', 'togetherwefighttogetherwewin', 'united', 'atu', 'fairfax', 'allies', 'atustrongertogether']","[""International President John Costa and staff strategizing on the Local 689 Transdev strike at WMATA's Cinder Bed Road Bus Garage and the possible strike by Local 1764 Transdev workers at Fairfax Connector. #TogetherWeFightTogetherWeWin"", 'ATU Local 689 Transdev workers at Cinder Bed Road bus garage are fighting for a fair and just contract. Please share this video. #TogetherWeFightTogetherWeWin\n#Transdev\n#WMATA', 'Local 1764 Transdev workers at Fairfax Connector authorize strike as Local 689 Transdev workers at Cinder Bed Road Bus Garage stand strong and united on their strike picket lines. #TogetherWeFightTogetherWeWin']"
213,98,213_writersguildawards_nationalweatherpersonsday_worldpressfreedomday_nominees,"['writersguildawards', 'nationalweatherpersonsday', 'worldpressfreedomday', 'nominees', 'workshop', 'below', 'insidetheindustry', 'meteorologist', 'join', 'writers']","['Members: join us and Timothy Michael Cooper this evening at 5 PM ET for The Fundamentals of Screenwriting: The First 10 Pages Workshop!\n\nLearn more & RSVP ⬇️', 'Join us next Monday, Nov 7 at 5 PM ET for The Fundamentals of Screenwriting: The First 10 Pages Workshop with Timothy Michael Cooper!\n\nLearn more & RSVP ⬇️', 'Remember to join us today at 5 PM ET for The Fundamentals of Screenwriting: Put a Powerful Message in Your Movie or TV Series!\n\nLearn more & RSVP ⬇️']"
214,98,214_workers_strike_autoworkers_wage,"['workers', 'strike', 'autoworkers', 'wage', 'contract', 'go', 'stay', 'standupuaw', 'standupcornell', 'back']","['Thank you, Cornell Graduate Students United, for standing with UAW Local 2300 members fighting for the dignity and respect they deserve at Cornell University! \n\nCornell has a $10 billion endowment — they can easily afford to do the right thing. \n\n#StandUpCornell #FairContractNow', 'UAW President Shawn Fain calls out corporate greed at Cornell University. Members of UAW Local 2300 are on strike for economic justice at Cornell.\n#StandUpUAW #StandUpCornell | UAW Region 9', ""UAW Local 2300 members who work at Cornell University are ready to stand up for a record contract! \n\nCornell workers deserve better. It's on the university to make it right. \n\n#StandUpCornell""]"
215,96,215_workers_union_storeworkers_unionize,"['workers', 'union', 'storeworkers', 'unionize', 'organizing', 'unionyes', 'cashiers', 'management', 'united', 'baristas']","['BREAKING: the booksellers, baristas, and cashiers of the Barnes & Noble in Union Square, NYC have voted overwhelmingly to join the RWDSU! This is the third win for the Barnes & Noble Union following unanimous votes at Rutgers and in Hadley, MA! We are so proud to officially welcome these workers into our union. “Together with their colleagues in NJ, MA, and just across the water in Brooklyn, Barnes & Noble workers in Union Square have sent a message all across the nation – the bookstore industry can and must treat workers with dignity and respect,” said RWDSU President <redacted_mention>. Read the full press release at https://www.rwdsu.info/barnes_noble_workers_flagship_union_square_join_rwdsu', 'Check out this video on the emerging union movement at Barnes & Noble, featuring workers from Barnes & Noble Union Square who are organizing with the RWDSU! #1u', 'UNION YES: Barnes & Noble workers at the Bloomington, IL Barnes & Noble voted ✨unanimously✨ to unionize with RWDSU! These booksellers are part of a national movement to transform Barnes & Noble, becoming the sixth store to form a union (so far)!']"
216,96,216_workers_employees_servants_lawmakers,"['workers', 'employees', 'servants', 'lawmakers', 'salaried', 'legislation', 'sector', 'civilian', 'government', 'pensions']","['NEW: AFGE Urges Congress to Address Double-Digit Federal Pay Gap by Passing the FAIR Act\n\nThe American Federation of Government Employees wholeheartedly supports legislation introduced today that would help close the double-digit pay gap between the federal and private sectors by providing federal employees with a 7.4% pay raise next year.\n\n“Federal employees earn 27.5% less on average than they would doing the same jobs in the private sector – and that situation has been getting worse for years,” AFGE National President Everett Kelley said. “The government will never be able to dig itself out of this hole without meaningful pay raises that not only keep pace with rising costs of living but begin to narrow the pay gap.”\n\nRead more👇\nhttps://zurl.co/eVZb', '""AFGE is urging the Biden administration to adopt the Federal Salary Council’s pro-labor recommendations that would increase pay for tens of thousands of federal employees who last year made 22.47% less than their private sector counterparts.""\n\nhttps://www.afge.org/article/afge-pushing-for-locality-pay-for-thousands-of-federal-workers-in-these-areas/', ""Federal employees earn an average of 27.5% less than they would doing the same jobs in the private sector – and the situation has only gotten worse over the years. \n\nThat’s why AFGE supports legislation introduced last week that would help close the pay gap between the federal and private sectors and give federal employees a 7.4% pay raise next year. \n\nHere's what you need to know⬇\nhttps://www.afge.org/article/to-help-close-pay-gap-feds-need-74-pay-raise-next-year/""]"
217,95,217_solidarity_unions_workers_strike,"['solidarity', 'unions', 'workers', 'strike', 'our', 'employers', 'dockworkers', 'usmx', 'longshoremen', 'association']","['The ILA’s Fight Against Automation: Preserving Jobs, Securing National Security, and Defending the Future of Work\n\nSubmitted by <redacted_mention>\n\nThe International Longshoremen’s Association (ILA) is at a crossroads in our Master Contract negotiations with ocean carriers and employers. At the center of this impasse is the employers’ push to expand the use of semi-automated rail-mounted gantry cranes (RMGs). The ILA is not against progress, innovation, or modernization—but we cannot support technology that jeopardizes jobs, threatens national security, and puts the future of the workforce at risk.\n\nTo understand where we stand today, it’s important to look at how we got here.\n\nA History of Hard Lessons\n\nIn the early 2000s, under a different ILA administration, the employers introduced semi-automated RMGs at a greenfield terminal on the East Coast. They sold the ILA a vision that this new terminal would create thousands of jobs. It sounded like an opportunity, but hindsight reveals a much different picture. What seemed like a win for one port turned out to be the project that is becoming the model for automation that could potentially chip away at many jobs at almost every other terminal along the East and Gulf Coasts.\n\nAt that time, the New Technology clause in our Master Contract required employers to file a letter of intent 120 days before implementing new equipment. However, after that notice was filed, employers essentially had free rein to unilaterally introduce whatever they wanted, without protecting the job functions or the roles of the workforce. It was a loophole that came at a cost to ILA members and their families.\n\nBy the 2012-2013 Master Contract negotiations, we had learned from these mistakes. Under new leadership, the ILA secured workforce protections and guarantees, ensuring that automation would no longer be implemented without consideration of its impact on jobs. This progress continued in 2018, when we negotiated a prohibition on full automation. These agreements set clear limits on how far technology could go in replacing human labor.\n\nThe Reality of “Semi-Automation”\n\nToday, employers are pushing to expand RMGs, claiming they are only “semi-automated” and necessary for safety and productivity. But let’s break this down.\n\nThe reality is that 95% of the work performed by RMGs is fully automated. From the moment a container is dropped off by a shuttle carrier, the RMG operates on its own lifting, stacking, and moving containers, including gantry and hoisting, without any human intervention. This includes the auto-stacking of containers in the container stack, which is also fully automated. Only in the last six feet of the container’s journey on the landside, when it is placed on a truck chassis, does an operator step in. But how long until employers automate those final six feet as well?\nThis isn’t about safety or productivity—it’s about job elimination. The ILA has proven through data and real-world operations that RMGs are not more productive than traditional equipment operated by human workers. Faced with this evidence, employers have shifted their argument. Now, they claim that RMGs are needed to densify terminals and push out more volume, emphasizing their ability to stack nine containers across compared to six with traditional rubber-tired gantry cranes (RTGs). But this argument doesn’t hold up under scrutiny either. With all the advancements in technology, why can’t manufacturers design human-operated equipment capable of achieving the same density? This isn’t about meeting operational needs—it’s about replacing workers under the guise of progress while maximizing corporate profits at the expense of good-paying, family-sustaining U.S. jobs.\n\nThe Bigger Picture: National Security and Economic Risks\n\nThe automation agenda isn’t just a threat to jobs—it’s a risk to our national security and economy. Ports rely on interconnected systems that are highly vulnerable to cyberattacks. A single “glitch” can halt operations, as we’ve already seen with recent shutdowns at major ports. Just last week, a gate system glitch at a major South Atlantic port shut down the terminal entirely, preventing trucks from being processed for hours.\n\nImagine if a foreign adversary, like China, exploited these vulnerabilities and hacked our port systems. With ports increasingly dependent on automation and green energy technologies, an attack could cripple the U.S. economy overnight. This isn’t hypothetical—it’s a new form of warfare that we are not prepared to defend against.\n\nOur International President recently raised this concern in an interview, but his comments were edited to misrepresent his message. His remarks were a hypothetical scenario, illustrating what could happen if employers refused to come to the table and bargain a fair contract. Instead of addressing these legitimate concerns, the media and employers continue to defend foreign-owned companies profiting on American soil while trying to cut good-paying, family-sustaining U.S. jobs.\n\nLearning from the Past, Fighting for the Future\n\nThe ILA has been here before. In the 1960s and 1970s, containerization revolutionized the industry, and we saw our workforce shrink from 50,000 to just 4,500 in the Port of New York and New Jersey. Now, employers are coming for the last remaining jobs under the shiny banner of semi-automation. If we allow this to continue, what will the workforce look like in another 10 to 15 years—450 workers?\n\nThe ILA has proven time and again that we can adapt to change. Since 2020, we’ve moved more cargo than ever in our history, shattering volume records while adapting to advanced gate systems and terminal operating technologies. Yet, the employers argue that we are holding back modernization. The facts prove otherwise—it’s the hard work and dedication of ILA members that keep America’s commerce moving, not the machines alone.\n\nThis fight isn’t just about the ILA—it’s about all workers. Automation isn’t just coming for dockworkers; it’s coming for everyone. Blue-collar or white-collar, no one is safe from the corporate drive to cut labor costs and fatten bottom lines through automation and artificial intelligence. A shrinking workforce means fewer taxpayers, weaker communities, and an economy that depends on government handouts instead of good-paying jobs.\n\nA Message to the Public\n\nTo those who think the ILA is the one threatening to cripple the nation, let me ask you this: is it the 78-year-old labor leader fighting to protect his members who poses the real risk? Or is it the corporations and foreign-owned companies, making billions while systematically eliminating American jobs, that will bear the responsibility for crippling this country?\n\nThis is a pivotal moment in our history. The decisions we make today will determine the future for generations to come. The ILA will continue to be at the forefront of this fight—not for ourselves, but for every worker and every community that depends on us.\n\nWe call on all workers, communities, and policymakers to stand with us. Together, we can fight for a future where technology serves people, not profits. Because in the end, protecting jobs, national security, and the dignity of work isn’t just the ILA’s fight—it’s everyone’s fight.\n\n(Dennis A. Daggett is Executive Vice President, International Longshoremen’s Association; President of ILA Local 1804-1 and General Coordinator of the International Dockworkers Council.)', 'Dennis A. Daggett, Executive Vice President, International Longshoremen’s Association, responds to New York Post December 4th, 2024, Opinion Piece by John Stossel\n\nRebuttal to Misguided Claims About the ILA and Automation\n\nI initially hesitated to respond to this “clueless” commentary. However, the author’s glaring lack of knowledge about the maritime industry and his misrepresentation of what the International Longshoremen’s Association (ILA) is fighting for demands correction. His commentary not only fails to grasp the complexities of our work but also perpetuates harmful misconceptions about unions, innovation, and the realities of automation.\n\n1. Union Leaders and Innovation\n\nClaim: “Dock unions stop innovation.”\n\nResponse: The ILA has always embraced innovation. Beyond the historic adaptation to containerization, the ILA has supported the implementation of state-of-the-art gate and terminal operating systems, as well as cutting-edge container handling equipment. These advancements have allowed ILA members to handle record volumes over the past four years, demonstrating our commitment to progress and efficiency.\n\nThe industry’s challenges do not stem from unions “stopping innovation.” The real issue is capacity. Ports, particularly those in densely populated regions like New York/New Jersey, need more land to expand capacity and improve throughput. Instead of focusing on automation that eliminates jobs, efforts should be directed toward infrastructure investment and sustainable growth strategies.\n\n2. Safety and Dangerous Jobs\n\nClaim: “Automation protects human workers by reducing dangerous jobs.”\n\nResponse: This argument is both misleading and uninformed. The majority of serious accidents or fatalities in our industry occur on the break bulk or general cargo side of the business—not in containerized operations where automation is being proposed. Importantly, employers are not seeking automation in those high-risk sectors, which invalidates the argument that automation is needed for safety.\n\nThe ILA has led the charge for safer working conditions through training, modern equipment, and strict safety protocols. Suggesting that automation is the only path to safer ports is a gross oversimplification and shows a lack of understanding of the maritime industry.\n\n3. The Myth of “Creative Destruction”\n\nClaim: “Automation will destroy some jobs but create better ones, just like in other industries.”\n\nResponse: The author fails to acknowledge that automation in the maritime industry does not follow the same pattern as in other sectors. In industries like manufacturing, automation has created new jobs for technicians and mechanics. However, the ILA already employs these skilled workers, meaning automation in our case results in a net loss of jobs without generating new opportunities. The maritime industry is unique, and blanket comparisons to other sectors ignore this reality.\n\nFurthermore, the idea that displaced workers will seamlessly transition to “better jobs” is naïve. Entire communities rely on the jobs provided by ports, and the economic ripple effects of job losses would devastate families and local businesses.\n\n4. Global Port Rankings and Efficiency\n\nClaim: “American ports are falling behind globally due to unions opposing automation.”\n\nResponse: The claim that unions are the reason American ports lag in global rankings is disingenuous. Ports in Asia and the Middle East may rank higher in throughput metrics, but they often operate under labor conditions that would be unacceptable in the United States. These rankings prioritize speed over fairness, safety, and sustainability.\n\nThe ILA’s commitment to record-breaking volumes in recent years proves that we are not stopping progress. However, the real bottleneck in the industry is a lack of land and capacity, not a lack of automation. If Port Authorities like New York/New Jersey focused on providing space for expansion rather than engaging in what amounts to legal extortion—forcing terminal operators to profit-share in lease agreements—ports could operate more efficiently. Instead of supporting terminal growth, Port Authorities are creating additional financial burdens that hinder long-term development.\n\n5. Economic Impact of Strikes\n\nClaim: “Strikes by the ILA harm other industries and Americans.”\n\nResponse: Strikes are a last resort for the ILA, not a reckless decision. The ILA has repeatedly sought early negotiations to avoid disruptions, but employers have often refused to engage in meaningful discussions. Any short-term impact of a strike is dwarfed by the long-term consequences of allowing automation to hollow out the industry. Protecting workers’ jobs today ensures the economic stability of countless families and communities tomorrow.\n\n6. The Role of Unions in a Fair Economy\n\nClaim: “Unions like the ILA are not ‘pro-worker.’”\n\nResponse: Nothing could be further from the truth. The ILA’s fight against automation is not about stopping progress; it is about ensuring that progress benefits everyone, not just corporate bottom lines. The union’s efforts have historically led to safer working conditions, fair wages, and a thriving middle class. By pushing back against automation that eliminates jobs without adding value, the ILA is safeguarding the future of its members and their communities.\n\nConclusion\n\nThe author’s commentary is riddled with inaccuracies and reflects a fundamental misunderstanding of the maritime industry. The ILA has consistently embraced innovation that enhances productivity and safety, as evidenced by our adoption of modern technologies and record-breaking volumes in recent years. The industry’s challenges lie in a lack of capacity and fair business practices—not in unions.\n\nMoreover, automation in our sector will not create new jobs. Unlike in other industries, the ILA already employs skilled mechanics and technicians. Automation here means job losses, plain and simple. Suggesting otherwise is either ignorant or dishonest.\n\nThe ILA is not fighting against progress; we are fighting for a future where progress includes workers, their families, and the communities that depend on the maritime industry. If the author had taken the time to understand our industry, he might have recognized that this fight is about fairness, sustainability, and the preservation of a strong middle class. Instead, he has opted for baseless attacks that do nothing to advance the conversation or address the real challenges facing American ports.\n\nWe welcome a more informed dialogue, but this article falls far short of contributing anything meaningful to that discussion.', 'International President Harold J. Daggett Views Leading His Union’s Fight Protecting ILA Jobs Against Automation As His Most Important Mission For Present and Future Generation Longshore Workers\n\n NORTH BERGEN, NJ (December 4, 2024)  -  In nearly six decades as a longshoreman, local labor official, district and international officer, and currently in his fourth term as leader of 85,000 members of the International Longshoremen’s Association, International President Harold J. Daggett has participated in numerous Master Contract negotiations over time where some of the thorniest issues were resolved by the ILA and its management negotiating partners.  From raises in wages, to rules on containers; from creating and funding a national health care plan called MILA, to hammering out drug and alcohol programs; to developing and managing the Container Royalty Agreement, the union and ocean carriers always came to terms on Collective Bargaining Agreements.\n The ILA clearly understands the importance of securing a Master Contract Agreement that fully protects its members and already showed they would strike to win their demands. \n As ILA and United States Maritime Alliance (USMX) attempt to come to terms on a new six-year-agreement – the third one President Daggett will have led bargaining as the ILA’s Chief Negotiator -  a stalemate over automation and semi-automation threatens to cause another coastwide strike in less than six weeks.\n After a tentative agreement on wage increases was reached in early October 2024, following a three-day coastwide strike at Atlantic and Gulf Coast ports, ILA and USMX agreed to an extension of the current contract to January 15, 2025, to reach agreement on all other terms in the Master Contract Agreement.  Four days of ILA-USMX negotiations were scheduled for early November, but late into the second day of meetings, the employers represented by USMX looked to expand the use of semi-automated rail-mounted gantry cranes (RMSs), causing the talks to break down.\n “USMX-ILA negotiations ended when management introduced their intent to implement semi-automation – a direct contradiction to their opening statement where they assured the ILA that neither full nor semi-automation would be on the table,” said ILA President Daggett.  “The ILA has always supported modernization when it leads to increased volumes and efficiency.   We embrace technologies that improve safety and efficiency, by only when a human being remains at the helm.\n “Our fight in these current negotiations is not just to protect our current ILA workforce, but future generations of longshore workers,” the ILA Leader added.  “Automation, whether full or semi, replaces jobs and erodes the historic work functions that the ILA fought hard to protect.”\n President Daggett cautioned USMX to take his, and ILA rank-and-file members’ resolve seriously.\n The ILA is prepared to strike again if an agreement is not reach by January 15, 2025.\n “Our ILA members are ready to make the ultimate sacrifice to win this battle against automation,” said President Daggett.  “They understand it’s a fight for their very survival.”\n The ILA Leader added that his union was energized by the global support it continues to receive from countless dockworker unions and labor organizations.\n “We have solidarity pledges from the International Dockworkers Council, the International Transport Workers Federation maritime unions from Europe, Asia, Africa, South America and Australia,” said President Daggett.   “This campaign against automation and the threat it poses to longshore workers everywhere is expanding and growing by leaps and bounds.”']"
218,94,218_workers_employers_trumpsproject2025failsworkers_worker,"['workers', 'employers', 'trumpsproject2025failsworkers', 'worker', 'employee', 'unions', 'corporations', 'labor', 'betterinaunion', 'sector']","['Trump’s Project 2025 is a plan designed to take away power from working people. It would cancel our contracts, cut public services, attack our hard-fought workplace protections & so much more. Find out how Project 2025 would affect you: https://www.sayno2project2025.org/', ""AFL-CIO did a great job with this. If you're curious about Project 2025, this is a place to get the facts:\nhttps://betterinaunion.org/project-2025\n#1u"", 'Millions of Americans have been learning how dangerous Project 2025 is. \n\nIt will eliminate child labor laws, allow states to ban labor unions, eliminate overtime protections, and get rid of minimum wage laws. \n\nBut that’s not all it will do. Follow the link to learn how Project 2025 will impact working families everywhere.\n\nhttps://betterinaunion.org/project-2025']"
219,94,219_org_union_delegates_organizethesouth,"['org', 'union', 'delegates', 'organizethesouth', 'iaff14thdistrict', 'benefits', 'iaff11thdistrict', 'iaff12thdistrict', 'unionstrong', 'election']","['In 1931, the IAFF sponsored the first national radio program. More than 70 stations in different cities carried the program. The broadcast urged fire fighters in the U.S. and Canada to advocate for an eight-hour work day. #IAFF100Years \n\nSee more history at https://100years.iaff.org/', 'In 1921, the U.S. Congress enacted a law denying the members of the DC Fire Department the right of affiliation with the IAFF, destroying Washington, DC fire fighters’ solidarity and effectiveness. #IAFF100Years See more history at https://100years.iaff.org/', 'During World War II, IAFF members willingly served their nations. Almost half of those employed in the fire service were eligible for the draft, and fire chiefs faced a serious problem replacing their experienced fire fighters who had joined the Armed Forces.\n\nAs fire fighters returned from the war, the IAFF worked to make sure members could return to their firehouses and that disabled fire fighters could find positions in the fire service.\n\n#IAFF100years\n\nRead more IAFF history - new content just added! \nhttps://100years.iaff.org/']"
220,94,220_volunteers_workers_volunteer_contractors,"['volunteers', 'workers', 'volunteer', 'contractors', 'org', 'actionnetwork', 'local', 'heroes', 'supply', 'responders']","['Thanks to United Roofing for working to provide metal nose strips for SMART Local 38 SMART Army volunteers shipping supply out to volunteer mask makers across New York. https://actionnetwork.org/forms/nose-piece-request-form', 'SMART Local 20 sheet metal workers in Gary, Indiana making nose strips for volunteer mask makers across the Midwest.  Visit this link to order supplies:   https://actionnetwork.org/forms/nose-piece-request-form', 'SM Local 137 sheet metal workers doing their part to cut aluminum nose pieces for volunteer mask makers across New York and New Jersey.  #millionmaskchallenge Click here to order:  https://actionnetwork.org/forms/nose-piece-request-form']"
221,93,221_bargaining_workers_solidarity_contracts,"['bargaining', 'workers', 'solidarity', 'contracts', 'members', 'shareholders', 'contract', 'org', 'study', 'profits']","['Join UAW President Shawn Fain tomorrow at 6 pm ET on Facebook Live to stand with workers at Daimler Truck.\n\nUAW members at Daimler Truck are ready to strike for a contract that rewards their hard work and sacrifice. In 2023, Daimler made nearly $6 billion in profit. The CEO was paid over $7.5 million. \n\n#StandUpDaimler  #StandUpUAW', 'Daimler Workers! Check out bargaining updates at UAW.org/Daimler.\n#StandUpDaimler #StandUpUAW', ""We're ready to strike and ready to stand up at Daimler Truck! Without a fair deal, we will strike at midnight. It’s time for record profits to mean record contracts at Daimler Truck. \nTick tock, Daimler!\n#StandUpDaimler""]"
222,91,222_representatives_employees_congress_representative,"['representatives', 'employees', 'congress', 'representative', 'committee', 'workplace', 'legislation', 'national', 'duty', 'government']","['Even during this trying time, the EEOC wants to delegitimize our union and take away our ability to represent our members. By denying federal employees their choice of a union rep with knowledge and experience in EEO issues, the EEOC is making it harder for federal employees to address matters of discrimination and harassment in the workplace.\n\nVisit www.afge.org/eeocrule to tell EEOC to reverse course and protect the federal workplace from discrimination and harassment. \n\nCAUTION: Do not read or share, like, or comment on this post from a government computer or on duty time. Actions must be made on a personal phone during non-duty time.', 'Learn more about this latest win for EEOC workers ⬇', ""Learn more about how AFGE's EEOC Council is holding firm on advocating for the rights of EEOC employees →""]"
223,91,223_ballot_voting_pension_teamsters,"['ballot', 'voting', 'pension', 'teamsters', 'vote', 'wages', 'packet', 'shout', 'protections', 'packets']","[""VOTE YES ON THE UPS TEAMSTERS CONTRACT: JOHN WEGLARZ\n\nBrother John Weglarz says it's important to vote 'yes' on the new tentative agreement for so many reasons. John is happy that the new agreement gets rid of the two-tier 22.4 classification, secures an extra paid holiday for members, and includes wage increases like nothing he's ever seen in his long career at UPS. This contract means more UPSers can provide for their families and attain middle-class living standards. \n\nVoting continues through August 22. If you did not receive your ballot packet, contact your local for a replacement ballot. If you haven't voted yet, open your ballot packet and vote today. Cast your ballot to lock in record wage increases, an end to 22.4s, an end to forced 6th punch, protections against surveillance and harassment, MLK Day as a paid holiday, no concessions, and a stronger future!"", ""VOTE YES ON THE UPS TEAMSTERS CONTRACT: SHANE RIVERA\n\nShout out to Teamster Brother Shane Rivera, a 22.4 driver in his third year of progression at UPS who is looking forward to being immediately converted to an RPCD when the new contract is ratified. Shane is voting 'yes' because the big wage increases and overtime protections in the tentative agreement are historic and life-changing for him and so many of his co-workers. \n\nVoting is underway right now. If you did not receive your ballot packet in the mail, contact your local union right away to request a replacement ballot. VOTE YES on the new tentative agreement to lock in record wage increases, the end to two-tier 22.4s, MLK Day as a paid holiday, no forced OT on days off, no concessions, and a stronger future!"", 'There are just 4 days left to vote on the new tentative agreement! \n\nVote YES to lock in historic wage increases, an end to two-tier 22.4s, an end to forced 6th punch, protections against surveillance and heat, pension improvements, MLK Day as a paid holiday, no concessions, and a stronger future at UPS.']"
224,91,224_workers_unions_labour_labor,"['workers', 'unions', 'labour', 'labor', 'us', 'work', 'holiday', 'ourselves', 'our', 'men']","['Labor Day was established in 1894 by President Grover Cleveland as a concession to the labor movement days after he used federal troops to bloodily crush the Pullman railroad strike. 70 American workers were killed nationwide when the strike was broken by the National Guard.\n\nLet us never forget Labor Day isn’t just about BBQs and picnics. It’s about the everlasting struggle of the labor movement which fights every day to better the lives of all workers.', 'A Labor Day Message from General President Hite:\n\nAs we celebrate Labor Day in the United States and Canada, we remember the critical role that working people have played throughout history, and honor those early pioneers of the labor movement who risked their lives to fight for fair wages, safe working conditions and retirement security. To these labor heroes we owe a debt of gratitude that we can never truly repay.\n\nOn this day, we also recognize the contributions that working people make each and every day to our nations’ prosperity.  While there is much work to be done in protecting workers and their families from assaults by those determined to lower their wages and reduce their rights, we can be incredibly proud of what we have accomplished in recent years. Nearly every new advancement and protection on the books is there because hardworking men and women – including UA members – joined together.\n\nThis year, let us continue to stand beside our brothers and sisters in the fight for good, safe jobs.\n\nOn behalf of the entire United Association, I wish all of you a safe and enjoyable Labor Day holiday.', 'A message from President Kinsey Robinson:\n\nSome see Labor Day as the last hoorah of summer and take advantage of the long weekend to enjoy a short vacation.  Other get excited because it represents the start of a new football season, dove hunting and cooler weather.  But, the root of this national holiday is much more significant and should not be lost in the contemporary freedom and pleasure that a day off of work and a long weekend afford.  Labor Day is truly a celebration of the American worker and the achievements of the labor movement in bringing strength, prosperity and the well-being of the country to the levels we enjoy today.  Since the first labor parade led by unions in New York City in 1882 and the federal government recognizing Labor Day as a national holiday – this day has been truly special.\n\nNever use the term “labor movement” lightly.  The history of our country as it moved from its founding and grew through the industrial revolution to make the United States the economic leader of the world, rode on the backs of labor, with a mountain of sacrifices.  Sacrifices that brought our generation a work environment that is safe and beneficial to our families’ way of life.  It took the dismal situation of child labor, dirty and unhealthy workplace conditions and even death to bring about uniting workers to recognize their power and worth.  For me, this is what Labor Day is about.\n\nWhether you are planning a barbeque or enjoying solitude in the great outdoors, I hope you take time to consider the true meaning of Labor Day and the accomplishments of American workers throughout our nation’s history.  God bless you and your families on this special day, and thank you for all your efforts on behalf of the hard-working members of our union.  I’m proud to call you my brothers and sisters.']"
225,91,225_union_committee_military_meeting,"['union', 'committee', 'military', 'meeting', 'workforce', 'org', 'power4america', 'sector', 'assistance', 'harrington']","['UWUA President Slevin had the opportunity to meet with the latest UMAP students in Bakersfield, CA last week. Please join us in wishing them all the best of luck as they begin their training with UWUA Local 132 and SoCal Gas!\n\nThe Utility Workers Military Assistance Program (UMAP) provides returning veterans, reserve and guard candidates with the training and support needed to successfully transition into job opportunities in the utility industry. Learn more about the program by visiting our website: https://uwua.net/programs/utility-workers-military-assistance-program/', ""Announcing our first BE4ALL #TalksOnTour winners: Local 177 members in Nashville, Tennessee, who read their Toolbox Talk during an instructors meeting. Great work, brothers and sisters! \n\nThe Talks On Tour contest is ongoing for SMART and Sheet Metal and Air Conditioning Contractors' National Association (SMACNA) members through the end of the year; to enter, send a picture of you and/or your fellow members reading a Toolbox Talk to be4all@smart-union.org; you can be anywhere from the union hall to a family vacation. Enter today to win your BE4ALL tool pouch!"", 'If you or a loved one are in the military and transitioning to a civilian career, please consider the Utility Worker Military Assistance Program (UMAP). Since 2011, UMAP has helped over 700 veterans train for careers in the utility industry.\n\nLearn more:https://uwua.net/programs/utility-workers-military-assistance-program/ \n\n#NAW2022 #NationalApprenticeshipWeek']"
226,91,226_volunteers_union_presidentsday_sportsmen,"['volunteers', 'union', 'presidentsday', 'sportsmen', 'wednesday', 'women', 'guests', 'redacted_mention', 'endorsement', 'assistance']","['Watch Activate L!VE Wednesday at 3pm ET/Noon PT.', 'Activate L!VE: Latest news from IAM Local 2018', 'Watch Activate L!VE Wednesday.']"
227,90,227_laborers_bipartisaninfrastructurebill_infrastructureweek_membermonday,"['laborers', 'bipartisaninfrastructurebill', 'infrastructureweek', 'membermonday', 'advocacy', 'bipartisan', 'org', 'uschamber', 'act', 'administration']","['Terry O’Sullivan, General President of #LIUNA made the following statement applauding the U.S. Senate’s bold, historic action in passing legislation modeled on the Bipartisan Infrastructure Framework. #BIFDeal #InfrastructureNOW \n\nREAD STATEMENT HERE: https://www.liuna.org/news/story/victory-for-infrastructure-and-good-jobs-us-senate-passes-the-bipartisan-infrastructure-deal', 'Terry O’Sullivan, General President of #LIUNA made the following statement after a bipartisan group of Senators and the Biden Administration came to an agreement on an infrastructure package #BIFDeal #InfrastructureNOW \n\nREAD STATEMENT HERE: https://www.liuna.org/news/story/liuna-cheers-bipartisanship-on-senate-infrastructure-deal', 'Terry O’Sullivan, General President of #LIUNA made the following statement on the U.S. House of Representatives step forward for the Bipartisan Infrastructure Deal. #BIFDeal #InfrastructureNOW\n\nREAD STATEMENT HERE: https://www.liuna.org/news/story/step-forward-for-the-bipartisan-infrastructure-deal']"
228,90,228_union_org_nafta_organizing,"['union', 'org', 'nafta', 'organizing', 'workers', 'corporate', 'jobs', 'contract', 'tribune', 'bill']","[""It's Thursday and the newsletter is out! In this week's issue: CWA public worker members in Iowa preserve their freedom to fight for good working conditions, highlights from CWA at the AFL-CIO Convention, AT&T Mobility bargaining update, and more. Check it out: https://www.cwa-union.org/news"", ""It's Thursday and the newsletter is out! In this week's issue: CWA fights for a living wage at Envoy Airlines, film industry workers vote unanimously to join CWA, bargaining updates from AFA-CWA and AT&T Mobility, and more! Check it out: https://www.cwa-union.org/news"", ""It's Thursday and the newsletter is out! In this week's issue: CWA members win back pay from AT&T, Piedmont CWAers fight for fair pay, journalists at the LA Times vote to join CWA, and more! Check it out: https://www.cwa-union.org/news""]"
229,90,229_volunteers_volunteer_volunteering_volunteered,"['volunteers', 'volunteer', 'volunteering', 'volunteered', 'nationalnursesunited', 'assistance', 'emergency', 'rnresponsenetwork', 'humanitarian', 'impacted']","['Our RN Response Network volunteers have been on the ground in Asheville alongside our partners, International Medical Corps, caring for those affected by Hurricane Helene. \n\nHelp us continue RNRN’s mission in more places around the world. Donate to RNRN today: https://secure.actblue.com/donate/rnrn-guatemala-2024?refcode=social', 'RN Response Network volunteers are leaving from SFO today to join a unique, multi-union two-week disaster relief effort heading to Puerto Rico Wednesday morning to provide medical aid in the wake of the ongoing humanitarian crisis following Hurricane Maria.\n\nThank you nurses!\n\nDonate and sign up to volunteer for RNRN here: bit.ly/2xRkmlD', 'NNU’s RN Response Network is made of 26,000 volunteers. Since 2005, we’ve deployed over 800 volunteer nurses to help with humanitarian relief efforts following natural disasters. \n\nWatch footage from our 2017 deployment to Puerto Rico following Hurricane Maria, and sign up for the RNRN hurricane standby list: https://www.nationalnursesunited.org/rnrn']"
230,89,230_nationalergonomicsmonth_autismawarenessmonth_awareness_involved,"['nationalergonomicsmonth', 'autismawarenessmonth', 'awareness', 'involved', 'students', 'autismacceptancemonth', 'social_facebook_202404_disabilities', 'resources', 'important', 'need']","['5 Stories That Matter for you to read this weekend 👇 \nhttps://www.afge.org/article/5-stories-that-matter/', 'Here are 5 Stories That Matter for you to read this weekend ⤵️ \n\nhttps://www.afge.org/article/5-stories-that-matter/', '5 stories you should read this week→ https://www.afge.org/article/5-stories-that-matter/']"
231,88,231_achievement_leading_1960_awards,"['achievement', 'leading', '1960', 'awards', 'nominees', 'award', 'guild', 'counsel', 'honorees', 'aftra']","['Congratulations to the #sagaftramember motion picture nominees! 🎉 #sagawards', ""Congratulations to the #sagaftramember nominees and recipients of tonight's #GoldenGlobes! We'll see you at the #SAGAwards!"", 'Congratulations to the #sagaftramember television nominees! 🎉 #sagawards']"
232,88,232_victims_committee_journalists_sympathies,"['victims', 'committee', 'journalists', 'sympathies', 'our', 'families', 'affected', 'responders', 'brothers', 'we']","['Our thoughts, prayers and condolences are with his loved ones.', 'Our thoughts and prayers are with Joe’s family, Pittsburgh Local 1 and his union brothers and sisters.', 'Our thoughts and prayers are with his loved ones.']"
233,88,233_unionspoweramerica_union_unions_unionspowerusa,"['unionspoweramerica', 'union', 'unions', 'unionspowerusa', 'labor', 'unionmoment', 'unionplusgiveagrand', 'unionplus', 'unionmoments', 'community']","['Want to win $40K?? 🥳 Union Plus just launched the #UnionsPowerAmerica Contest & it’s easy to enter: Share a story about how you power America on the job, at home or in your community & you could win HUGE CASH PRIZES from Union Plus! Enter now: https://unionplus.click/unionspowerusa. NO PURCHASE NECESSARY. See Rules at https://unionplus.click/unionspowerusa. Ends 7/26/23.', 'Union members - ready for your chance to win $50K?? 💸 It’s so easy to enter the Union Plus #UnionsPowerAmerica Contest: Share a story about how you or someone you know helps power America on the job, at home or in the community & you (or they) could win EPIC CASH PRIZES on Labor Day! Enter today: https://unionplus.click/unionspowerusa.\n \nNO PURCHASE NECESSARY. \nSee Rules at https://unionplus.click/unionspowerusa\nEnds 7/30/24', 'Union members - ready for your chance to win $50K?? 💸 It’s so easy to enter the Union Plus #UnionsPowerAmerica Contest: Share a story about how you or someone you know helps power America on the job, at home or in the community & you (or they) could win EPIC CASH PRIZES on Labor Day! \n\nEnter today: https://unionplus.click/unionspowerusa\n\nNO PURCHASE NECESSARY. See Rules at https://unionplus.click/unionspowerusa \nEnds 7/30/24.']"
234,87,234_immigrant_workers_commemorate_worker,"['immigrant', 'workers', 'commemorate', 'worker', 'honor', 'commemoration2021', 'raise', 'we', 'unite', 'womenshistorymonth']","['Powerful video on the history of the Triangle Shirtwaist Factory Fire. \n\nGood work New York State AFL-CIO.', 'Help Build the Triangle Fire Memorial -- Honoring the Victims and Legacy of the 1911 Triangle Shirtwaist Factory Fire', 'Today we remember the 146 garment workers who were killed in the Triangle Shirtwaist Factory fire in 1911.']"
235,86,235_workers_candidate_bipartisan_governor,"['workers', 'candidate', 'bipartisan', 'governor', 'bus', 'togetherwefighttogetherwewin', 'fta', 'local', 'public', 'our']","[""International President John Costa recently appeared on America's Work Force Radio to discuss how transit workers have been frontline heroes during the pandemic, the critical funding for the transit industry in the American Rescue Plan, contract fights, vaccine priority for transit workers. and other issues impacting ATU and our members. #TogetherWeFightTogetherWeWin"", 'Watch International President John Costa on the virtual American Prospect: Public Transportation in Crisis Forum if you missed it yesterday. IP Costa discussed the impact of the pandemic on frontline hero transit workers, how the ATU fought for protections for members, vaccine priority for transit workers, the American Rescue Plan, and other issues impacting transit workers and the industry.', 'Today, International President Costa joined FTA Administrator Nuria Fernandez and other transit leaders on a Federal Transit Administration (FTA) virtual National Transit Renewal Summit to discuss how to build back transit better to ensure transit operator safety. Costa discussed the safety and health challenges facing transit workers and solutions to address these issues for our members. #TogetherWeFightTogetherWeWin']"
236,86,236_members_consolidate_public_our,"['members', 'consolidate', 'public', 'our', 'aft', 'benefit', 'manage', 'resume', 'service', 'education']","['Questions about student debt? AFT is hosting a virtual student debt clinic TONIGHT at 7 PM ET to help our members navigate their debt. Learn more about PSLF and how you can save with Summer.\n\n➡️Register: https://cvent.me/17XZka', 'Do you have questions about your student debt? AFT is hosting a virtual student debt clinic TONIGHT at 7 PM ET to help our members navigate their student debt. Learn more about #PSLF, or how to Save with Summer here: https://cvent.me/17XZka', 'Questions about student debt? AFT is hosting a virtual student debt clinic TONIGHT at 7 PM ET to help our members navigate their debt. Learn more about Public Service Loan Forgiveness (PSLF) and how you can save with Summer.\n\n➡️Register: https://cvent.me/17XZka']"
237,86,237_union_union5146_unionplus_company,"['union', 'union5146', 'unionplus', 'company', 'members', 'officers', 'assistance', 'unionplusmortgage', 'lenders', 'family']","['Attention Boilermaker members! The AFL-CIO has just launched the Union Plus Mortgage Company to offer another mortgage financing provider to union families. The Union Plus Mortgage Company is a union-owned company, and offers union families access to a convenient online application, unionized loan officers, competitive rates on a wide range of mortgage options, and more. Learn more about this exciting new program: http://unionplus.deals/unionf7bb NMLS#1561829', 'Spring into home buying season with the mortgage program for union families. The Union Plus Mortgage program, with financing available through Union Plus Mortgage Company, offers a wide choice of lenders; an easy and convenient loan application; and much more. Apply now get a $500 gift card after closing. NMLS Number 1561829.\nhttps://unionplus.deals/vdt', 'Spring into home buying season with the mortgage program for union families. The Union Plus Mortgage program, with financing available through Union Plus Mortgage Company, offers a wide choice of lenders; an easy and convenient loan application; and much more. Apply now get a $500 gift card after closing. NMLS Number 1561829.  https://unionplus.deals/vdt']"
238,86,238_letartistswork_actors_org_artists,"['letartistswork', 'actors', 'org', 'artists', 'showrunner', 'ziwe', 'writers', 'acclaimed', 'lawact', 'wgae']","['🎙🎙 Host Alison Herman talks to #CatherineCalledBirdy writer/director Lena Dunham about the challenges of adaptation, the impact of success at an early age, discovering a love for outlining, and how it all comes back to the writing.\n\n🎧 Tune in to the latest #OnWritingPodcast episode wherever you listen to podcasts, and find shownotes and transcripts at https://wgaeast.org/onwriting', 'In the latest episode of the OnWriting Podcast, host Alison Herman talks to Meredith Scardino, the creator, showrunner, writer, and producer of GIRLS5EVA on Peacock TV, about the show’s writing and songwriting process what you learn from mentors like Stephen Colbert, Tina Fey, and Robert Carlock, and why so much of this series is about having agency over your own life.\n\n🎧 Tune in to the #OnWritingPodcast wherever you listen to podcasts, and find shownotes and transcripts at https://wgaeast.org/onwriting', ""In the latest episode of OnWriting, host Geri Cole chats with WE OWN THIS CITY co-creator/showrunner David Simon about how he sees his latest series as a coda to THE WIRE, the lessons he learned as a journalist that've helped him as a TV writer, why the war on drugs is one of the US's worst policies—and needs to end, and much more. \n\n🎧 Tune in to the #OnWritingPodcast wherever you listen to podcasts, and find shownotes and transcripts at https://wgaeast.org/onwriting""]"
239,85,239_workersfirstvoteunion_uswvotes_suffragists_citizens,"['workersfirstvoteunion', 'uswvotes', 'suffragists', 'citizens', 'enfranchised', 'voting', 'suffragettes', 'vote', 'suffrage', 'rights']","['Happy Women’s Equality Day! Today, we commemorate 100 years since the signing of the 19th Amendment and celebrate the women throughout history who have fought for the right to vote.', 'Today marks marking the 102nd anniversary of the ratification of the 19th Amendment and celebrating the continued work to ensure equality for all citizens.\n\nPassed by Congress June 4, 1919, and ratified on August 18, 1920, the 19th amendment granted women the right to vote', ""Today is Women's Equality Day! \n\nOn this date in 1920, the 19th Amendment was ratified, guaranteeing women's right to vote! 🗳️\n\n#1u #UnionStrong""]"
240,84,240_solidarity_employers_org_performers,"['solidarity', 'employers', 'org', 'performers', 'involved', 'join', 'actors', 'work', 'allies', 'support']","[""Not providing protections for ALL video game performers? That's ridiculous.\n\nCheck out sagaftra.org/videogamestrike to learn more about how YOU can support video game performers during the #VideoGameStrike. \n\n#LevelUpTheContract"", 'Repost if you 💜 video game performers!\n\nYour support during the #VideoGameStrike is crucial. Let the employers know they need to #LevelUpTheContract and give ALL video game performers A.I. protections! #SagAftraStrong\n\nLearn more at sagaftra.org/videogamestrike 🎮✊', 'Say it with us: I support video game performers! 🗣️\n\n#VideoGameStrike #LevelUpTheContract #SagAftraStrong \n\nWe are fighting to make sure that ALL video game performers get the A.I. protections they need. Get involved and show your support! Learn more at sagaftra.org/videogamestrike. 🎮💪']"
241,83,241_workers_lawmakers_actionnetwork_officials,"['workers', 'lawmakers', 'actionnetwork', 'officials', 'state', 'pressofatlanticcity', 'protect', 'washington', 'njspotlightnews', 'madeinamerica']","['""Oral arguments began Monday in a lawsuit that seeks to ban smoking in New Jersey casinos, with the United Autoworkers and the Casino Employees Against Smoking Effects group, or CEASE, arguing that it’s unconstitutional for the state’s Smoke-Free Air Act to carry an exception for casinos.""\n\nhttps://www.njspotlightnews.org/video/oral-arguments-begin-in-lawsuit-over-smoking-in-nj-casinos/', '“We know that non-smoking casinos outperform smoking casinos. So, it’s very frustrating to know that our state is fighting against us having a safe working environment.” \nGaming workers and UAW Region 9 leaders speak up against an unconstitutional loophole that allows smoking in NJ casinos. #StandUpUAW', 'Everyone deserves to work in a safe environment. \n\nNew Jersey casino workers — including UAW members in UAW Region 9 — are standing up to protect their health and well-being, demanding an end to smoking in casinos.']"
242,83,242_us_our_holiday_thanksgiving,"['us', 'our', 'holiday', 'thanksgiving', 'local', 'prepare', 'who', 'cub', 'communities', 'holidays']","[""The holiday season isn't over yet!\n\nThese United Food and Commercial Workers Local 1428 members and Albertsons employees show us how hard-working UFCW members make the holidays happen! #UFCW #WeMaketheHolidaysHappen"", 'UFCW Local 1996 member and Kroger employee Betsy shows us how hard-working UFCW members make the holidays happen! #UFCW #WeMaketheHolidaysHappen', 'These UFCW Local 371 members and Stop and Shop employees show us how hard-working UFCW members make the holidays happen! #UFCW #WeMaketheHolidaysHappen']"
243,83,243_strike_solidarity_workers_advocates,"['strike', 'solidarity', 'workers', 'advocates', 'strikesgiving', 'understaffing', 'united4all', 'employees', 'solidarityseason', 'bargaining']","[""When healthcare workers strike, it's a call for change. Kaiser, it's time to prioritize patients and your dedicated staff. The community has spoken. Kaiser Permanente Thrive executives to step up. #United4All #SolidaritySeason"", 'Solidarity forever with the 75,000 workers at Kaiser Permanente! When you win this fight, the entire working class will win as well. \n\nhttps://jacobin.com/2023/10/health-care-workers-strike-kaiser-permanente-short-staffing-crisis', 'In California, 18,000 Kaiser nurses are actively bargaining with Kaiser. “Our main priority is to forward and improve patient care for all Kaiser members. We have moral responsibility to make Kaiser accountable so that we can do the job properly and safely and really, really heal the patients that we care for,” Michelle Gutierrez Vo, RN.\n\nAre you a Kaiser patient? Text KAISER to 69866 stay in the loop about how you can help support Kaiser nurses.']"
244,82,244_workers_farmworkers_unions_worker,"['workers', 'farmworkers', 'unions', 'worker', 'labor', 'agenda', 'elect', 'employment', 'gov', 'work']","['Scott Walker is coming after your union. Again.', ""If you try to out-Scott Walker Scott Walker, you're going to have a bad time."", 'Scott Walker?! NO! \n\nA top adviser to Trump is saying they will be looking to Wisconsin Governor Scott Walker for ""guidance on major changes to the federal government workforce."" \n\nWhomever you voted for, as proud union brothers and sisters we can all agree that Scott Walker is an unacceptable choice for any cabinet position! No one has done more to single handily create a war on labor and unions than Governor Scott Walker. \n\nWe MUST to stand as one union and tell President-elect Trump that his promises to our union brothers and sisters did not include appointing the most infamous union busting Governor in recent history! \n\nhttp://bit.ly/2g1pdHx']"
245,81,245_everybodysunion_activist_go_nominate,"['everybodysunion', 'activist', 'go', 'nominate', 'helped', 'register', 'committee', 'at', 'uswng', 'uswcares']","['DID YOU KNOW you can save 💵💰 by registering for Next Gen early? Head over to usw.org/ngconference to learn more.\n#NG2024 #NextGen #EverybodysUnion #1u', 'The 2019 International Next Gen Conference inspired Jim Knox, VP of Local 351, and other Next Gen’ers to become leaders in our union and in their communities. Are you ready to take your activism to the next level? Get to the 2024 International Next Gen Conference! Register at usw.org/ngconference. #NG2024 #USW #NextGen #1u', 'Our amazing Next Gen committee met this week to continue planning the 2024 Next Gen International Conference! Make sure to check out www.usw.org/ngconference for details on how you can register! #NG2024 #NextGen #1u #USW']"
246,81,246_leadershipsummit_unified_sponsored_employees,"['leadershipsummit', 'unified', 'sponsored', 'employees', 'abc30', 'staff', 'association', 'san', 'state', 'assembly']","['Classified School Employee Week is May 21-27, 2023 and our theme for this year\'s celebration is ""Indispensable, Inspiring & Invincible""!\n\nEach May, California salutes the important contributions of classified school employees during “Classified School Employee Week” (CSEW) because classified employees have earned respect as educators and partners in the education community. More importantly, they have become recognized as the essential frontline workers who kept our schools running through the COVID-19 pandemic and helped schools reopen their doors to students of all ages. \n\nHow will your chapter be celebrating CSEW this year?\n\n#CSEW #CSEA #WeAreEssential', ""As we near the end of Classified School Employee Week, we want to hear the ways your chapter or school district have celebrated classified employees. Share with us below (photos welcome) and let's celebrate together!"", 'Happy Classified School Employee Week!']"
247,81,247_org_members_partners_benefits,"['org', 'members', 'partners', 'benefits', 'alliance', 'tuition', 'usa', 'pursuing', 'state', 'participating']","['The NATCA Benefits Committee is pleased to offer our Union’s members a benefit that assists those pursuing a college degree. The Penn State World Campus/NATCA alliance provides our members with a 5% tuition discount on all tuition rates, and college credit for completion of a certified NATCA Academy course.  NATCA members can also help a family member realize their dreams of pursuing a college education. This benefit extends to spouses, domestic partners, and children. The participating family member will receive all the same benefits as our members in the program.  Visit https://www.natca.org/benefits/ and find the Penn State logo under the ""Education/Kids"" tab for more info.', 'In a first-of-its-kind collaboration with Penn State University, NATCA is pleased to offer members a benefit that assists those pursuing a college degree. The Penn State World Campus / NATCA alliance provides our members with in-state tuition rates, a five percent (5 percent) tuition discount and college credit for completion of a certified NATCA Academy course(s).  \n\nNATCA members can also help a family member realize their dreams of pursuing a college education. This benefit extends to spouses, domestic partners, and children. The participating family member will receive all the same benefits as our members in the program.\n\nThe Penn State World Campus / NATCA alliance is just one way we’re committed to the success of our members. From growing as a person, as a member, in your career and in your community - the opportunity is here for you to shape and make your own.\n\nFor more information visit http://bit.ly/2dlatUJ or contact the NATCA Benefits Committee at benefits@natca.net. #TheNATCADifference', 'NATCA is pleased to offer its members a great benefit: The Penn State World Campus / NATCA alliance. This provides our members with in-state tuition rates, a five percent tuition discount and college credit for completion of a certified NATCA Academy course(s).  \n\nNATCA members can also help a family member realize their dreams of pursuing a college education. This benefit extends to spouses, domestic partners, and children. The participating family member will receive all the same benefits as our members in the program.\n\nThe Penn State World Campus / NATCA alliance is just one way we’re committed to the success of our members. From growing as a person, as a member, in your career and in your community- the opportunity is here for you to shape and make your own.\n\nFor more information visit http://www.worldcampus.psu.edu/b2b/natca or contact the NATCA Benefits Committee at benefits@natca.net.']"
248,80,248_2020_union_takeback2020_candidates,"['2020', 'union', 'takeback2020', 'candidates', 'workers', 'allies', 'our', 'actionnetwork', 'ga', 'senate']","['BREAKING: Over 1,200 UNITE HERE canvassers in NV, AZ, PA, GA to knock on 2.7 million doors in largest labor field operation in the country\n\nStatement from UNITE HERE on projected midterm canvassing numbers — \n\n“We decided to throw down in the 2022 midterms because we knew the stakes were too high. We had no choice but to invest our ground game in critically close swing states where we had recent success in securing wins for Democrats — Nevada, Arizona, Pennsylvania, and Georgia.\n\n“We’re up against Trump Republican candidates set to strip the rights of working-class people like the majority Black, Brown, and immigrant hospitality workers that UNITE HERE represents — and that represent a majority of UNITE HERE’s canvassers in the field.\n\n“UNITE HERE isn’t a union to back down from a fight — no matter how big the fight. That’s why we’re knocking on 2.7 million doors across the key swing states of Nevada, Arizona, Pennsylvania, and Georgia for the 2022 midterms.\n\nNV: 1,000,000 doors\nAZ: 750,000 doors\nPA: 950,000 doors\nGA: 17,000 doors\n\n“We are WORKERS TO THE FRONT, and we are over 1,200 canvassers strong across four key battleground states — and until the minute that polls close, we will be out there mobilizing voters for the pro-worker Democrats in our fight against fascism. Si se puede!”\n\n#midterms #midtermelections #midterms2022 #nevada #arizona #pennsylvania #georgia #politics', ""✊Knock!🚪\n✊Knock!🚪\n\n❓Who’s there❓\n\n🗣 UNITE HERE TO REMIND GEORGIA VOTERS THAT THE SENATE RUNOFF IS LESS THAN 2 WEEKS AWAY!\n\nWith 1️⃣3️⃣ days until the Georgia Senate runoff on January 5 — and its major implications for the lives and livelihoods of workers and their families in Georgia and throughout the country — UNITE HERE’s canvass team is now over 6️⃣0️⃣0️⃣ strong. 💪\n\nAs a result of COVID-19, hospitality workers have dealt with job loss and a broken unemployment system, loss of healthcare, and loss of family members and friends. The hospitality industry, which includes Georgia’s hotel, airport, and food service industries, has been among the hardest hit in the pandemic, and will be among the slowest to recover. And while Congress passed a second round of relief legislation, workers describe it as “too little, too late.”\n\nLed by laid off housekeepers, cooks, dishwashers, servers, and bartenders, among others, UNITE HERE canvassers are deeply committed to having a seat at the table and making sure that elected officials reflect the priorities of working people in Atlanta.\n\nIn partnership with key local allies, UNITE HERE Union members are already well-passed halfway to their goal of knocking on over one million doors to deliver the vote for Reverend Raphael Warnock and Jon Ossoff! \n\nLet's #TakeBackTheSenate!"", '⚡⚡⚡ The Democrats’ “secret weapon” to help win the Senate: UNITE HERE’s 1,000 union canvassers 🔥🔥🔥\n\nToday, hospitality workers with UNITE HERE join Democrats in Georgia and nationwide to celebrate a definitive win for Reverend Raphael Warnock and a promising lead for Jon Ossoff in the Georgia Senate run-off races. \n\nUNITE HERE’s effort was one part of a statewide coalitional effort that in all hit an unprecedented 9 million doors. \n\nOver 1,000 of UNITE HERE’s union housekeepers, cooks, dishwashers and airport concessions workers—who are mostly women and people of color—canvassed full-time in the Atlanta metro area and Columbus.\n\n⚡ UNITE HERE knocked on over 1.5 million doors as part of a larger 9 million-knock statewide effort to get out the vote for Rev. Raphael Warnock and Jon Ossoff.\n\n⚡ Each day, union members had 15,000 face-to-face conversations with Georgians about the runoff race.\n\n⚡ UNITE HERE ran the largest union field program in Georgia.\n\n⚡ UNITE HERE identified and made voting plans with 250,000 voters who supported the Democratic candidates.\n\n⚡ 76% of the voters UNITE HERE identified were Black; 87% were people of color.\n\nA relic of Jim Crow-era policies aimed at diluting the influence of Black voters, Georgia’s runoff elections have historically favored Republicans. Democrats have struggled in previous Georgia runoffs to maintain participation among Black voters and other voters of color critical to their success. \n\nMembers of UNITE HERE supercharged a program to reach those voters directly by mounting the largest door-to-door canvassing operation in its history, becoming a central figure in the multi-racial statewide effort that delivered the win for Democrats by hitting 9 million doors altogether.']"
249,78,249_workers_farmworkers_nfwa_labor,"['workers', 'farmworkers', 'nfwa', 'labor', 'association', 'activist', 'civil', 'agricultural', 'organizing', 'strike']","['Today is #CesarChavezDay! Cesar Chavez was a tireless labor activist and civil rights warrior. May his commitment to the values that bring working people together continue to inspire and inform our work.\n\nLearn more about Cesar Chavez with @sharemylesson: https://sharemylesson.com/collections/labor-leaders-cesar-chavez-dolores-huerta', 'Cesar Chavez dedicated his life to empowering working people. We honor his legacy on this Cesar Chavez Day and every day.', 'Today we honor Cesar Chavez!']"
250,78,250_workers_unionized_employees_committee,"['workers', 'unionized', 'employees', 'committee', 'industry', 'protection', 'executives', 'bureau', 'cwa', 'org']","[""Wow… It’s been two years since Wells Fargo's massive fraudulent account scandal, and the company has yet to change how they treat their workers. CWA’s Committee for Better Banks continues to put public pressure on Wells Fargo to address the serious issues that bank workers have raised. Check out what Wells Fargo employee Meggan Halvorson told the Guardian here:  https://cwa-union.org/news/bank-workers-keep-pressure-on-wells-fargo"", 'Two years ago, CWA’s Committee for Better Banks helped expose the high-pressure sales practices at Wells Fargo and employees say the bank has not changed its culture of fear and intimidation. Internal documents support the claims from the 27,000 surveyed employees who were asked what their biggest concerns were about the bank. It’s time to hold Wells Fargo accountable! https://www.nytimes.com/2019/03/09/business/wells-fargo-sales-culture.html', 'CWA’s Committee for Better Banks continues to speak out about the toxic culture at Wells Fargo! Bank workers gathered in DC to deliver 15,000 signed petitions that call on Wells Fargo CEO Tim Sloan to meet with the Committee for Better Banks to address the high-pressure sales goals that originally led to the Wells Fargo fake account scandal. Thanks to Senator Sherrod Brown and Rep. Chuy Garcia for standing with these working families! Check out with these workers had to say and photos from the action: https://cwa-union.org/news/front-line-bank-workers-say-toxic-culture-hasnt-changed-wells-fargo']"
251,77,251_laboragainstcancer_ncffightagainstcancer_advocacy_raise,"['laboragainstcancer', 'ncffightagainstcancer', 'advocacy', 'raise', 'members', 'support', 'komen', 'local', 'campaign', 'patients']","['Labor Against Cancer will raise much needed funds to advance research and patient support in partnership with The Leukemia & Lymphoma Society while raising awareness of the important role that union members play each and every day - please consider donating today!\n\nhttp://www.lls.org/labor-against-cancer#donate-now', 'This month is Breast Cancer Awareness Month, and District Council 9 participated in the American Cancer Society Making Strides Against Breast Cancer Walk of Central Park. \n\nWe thank all the members and their families who showed up to raise awareness and money for Breast Cancer research and support services. This is what unions are all about- caring for one another!', 'Anyone who’s been affected by cancer knows that more is never enough. That’s why, after thirty-five years of partnership and over $83 million dollars raised, UFCW and The Leukemia and Lymphoma Society (LLS) are launching Labor Against Cancer, expanding our efforts to raise funds for the battle against blood cancers. Give today and help us end cancer for good! http://bit.ly/2wWLDET']"
252,77,252_jobs_protests_industrial_cleanerfutureccs,"['jobs', 'protests', 'industrial', 'cleanerfutureccs', 'environmental', 'technology', 'volunteer', 'communities', 'pipeline', 'boilermakers']","['Check out the inspiring action that took place this past weekend. Nurses continue to stand with Standing Rock in opposing the Dakota Access Pipeline (DAPL) project. Water is life! #NoDAPL', ""Watch this Medic's report from #NoDAPL in North Dakota where members of the Standing Rock Sioux Tribe, other First Nations, environmental activists, and other water protectors are participating in protests against the Dakota Access pipeline project. \n\nRNRN - a project of NNU - is helping to set up a health clinic there. To donate, go to http://bit.ly/2e3gQOl"", 'Make the call! Stand with the water protectors at Sacred Stone Camp to oppose the Dakota Access Pipeline. Water is life! #NoDAPL']"
253,76,253_union_mtvnewsunion_unionstrong_toimmigrantswithlove,"['union', 'mtvnewsunion', 'unionstrong', 'toimmigrantswithlove', 'steelworker', 'directors', 'unionvalentine', 'partner', 'our', 'buyunionmade']","['Happy Valentine’s Day! 🌹 ❤️', ""We ❤ our union. Happy Valentine'a Day!"", ""Happy Valentine's Day! We love our members; they make our union strong!""]"
254,75,254_us_workers_we_freedom,"['us', 'workers', 'we', 'freedom', 'our', 'voting', 'uswunity', 'united', 'featuring', 'communities']","['""Abortion is healthcare. We need to protect the workers and the patients.""', 'In one of the most stunning reversals in the modern era of the US Supreme Court, a majority of the Court overturned a nearly 50-year precedent in Roe v. Wade and gave states a license to ban abortion. This ruling is an attack on women’s reproductive health and a dangerous setback for fundamental human rights.\n\nThe International Executive Board of the American Federation of Musicians of the United States and Canada believes that everyone should be able to make their own decisions concerning their reproductive rights, health, and future. We are at a time in our country’s history when voting is more important than ever. Our elected officials are making decisions that impact us for generations to come.\n\nAs we head into mid-term elections and prepare for the 2024 national election, ask your elected officials and local candidates where they stand on reproductive rights, demand commitments to protecting abortion access, and spread the word to other voters. Among the states banning abortion are those least likely to provide access to health care for low-income families and adequate safeguards for our most vulnerable children.\n\nAs a society, we must do better than this. We remain optimistic that we will see once again a future where every person is guaranteed access to quality and comprehensive reproductive care.\n\nhttps://www.afm.org/2022/06/afm-statement-on-supreme-court-decision-overturning-roe-v-wade/', 'Today, abortion activists stood outside the Supreme Court to demand protection for emergency abortion care rights. This case is crucial as it has nationwide implications and is part of a broader plan to restrict abortion access. Abortion rights are essential — always!']"
255,74,255_policy_policies_regulation_educators,"['policy', 'policies', 'regulation', 'educators', 'writers', 'employers', 'revolution', 'education', 'executive', 'protect']","['#AINeedsHumans - and always will. Period. Join the WGAE in calling on employers to collaborate with workers before implementing AI tools in all unionized companies, to ensure AI is applied in ethical and equitable ways. \n\nToolkit: https://wgaea.st/AINeedsHumans. Tell us why meaningful AI regulation is important to you using #AINeedsHumans #JournalismNeedsHumans and tagging @WGAEast!  \n\nMore than 1,000 WGAE members signed a petition to support introducing ways to protect journalists from the ever-growing existential threat of artificial intelligence (AI), and to demand they’re included in the decision-making process. Add your signature in solidarity via https://wgaea.st/ai-petition. Employers can restore trust with workers who are threatened by the emergence of AI in the workplace and readers who are uneasy about AI-produced content by giving workers a voice in how AI is used.', 'IATSE welcomes release of bipartisan U.S. Senate roadmap for AI policy, urges Congressional action\n\nA bipartisan working group led by Senate Majority Leader Chuck Schumer (D-NY), along with Sens. Heinrich (D-NM), Rounds (R-SD) and Young (R-IN), released a roadmap for artificial intelligence (AI) policy in the U.S. Senate, Wednesday.\n\nThis roadmap summarizes findings from the AI Insight Forums convened last year – participated in by IATSE International Vice President Vanessa Holtgrewe – and identifies policy areas of consensus that merit bipartisan consideration in the 118th Congress and beyond. The framework does not lay out specific legislation around AI, but provides direction to the Senate committees to craft bills related to various issues and impacts of AI.\n\n“IATSE welcomes the release of a bipartisan roadmap for artificial intelligence policy led by Majority Leader Schumer, Senator Heinrich, Senator Rounds, and Senator Young. I thank Leader Schumer and the working group for convening last year’s AI Insight Forums and inviting IATSE to the table to share the perspective of behind-the-scenes entertainment workers,” said IATSE International President Matthew D. Loeb.\n\n“As we urged during the forums,” he continued, “this roadmap prioritizes maintaining strong copyright and IP laws which are essential to protect the rights of working people who power the U.S. entertainment industry. I commend the assertion from the working group that workers and their unions must be consulted as AI is developed and deployed.”\n\nIn the roadmap, on issues key to IATSE workers, the bipartisan working group encourages the relevant Senate committees to:\n\nEnsure that stakeholders – from innovators and employers to civil society, unions, and other workforce perspectives – are consulted as AI is developed and then deployed by end users;\n\nConsider developing legislation to establish a coherent approach to public-facing transparency requirements for AI systems;\n\nConsider federal policy issues related to the data sets used by AI developers to train their models, including data sets that might contain sensitive personal data or are protected by copyright, and evaluate whether there is a need for transparency requirements; and\n\nReview the results of existing and forthcoming reports from the U.S. Copyright Office and the U.S. Patent and Trademark Office on how AI impacts copyright and intellectual property law, and take action as deemed appropriate to ensure the U.S. continues to lead the world on this front.\n\nCongress must not only consider but proceed expediently with legislation. IATSE has endorsed the Generative AI Copyright Disclosure Act introduced in the House by Rep. Adam Schiff (D-CA). We continue to advocate for policies that maintain strong copyright laws, prioritize the people involved in the creative process, require transparency of generative AI training data sets and the use of AI & ML systems, and ensure entertainment workers are fairly compensated when their work is used to train, develop, or generate new works by AI systems.\n\nPresident Loeb concluded, “We stand ready to push for strong legislation that will ensure consent, credit, compensation, and transparency. AI technologies aren’t waiting on word from Washington to develop, and so IATSE urges the Senate and House to legislate swiftly to protect entertainment workers from harm and promote economic opportunity.”', ""BREAKING: IATSE Releases Core Principles for Applications of Artificial Intelligence and Machine Learning Technology. Here's what's in it:\n\n1. COMPREHENSIVE APPROACH: The Implementation of Artificial Intelligence (AI) and Machine Learning (ML) technology in the Arts, Entertainment, and Media industries threatens to fundamentally alter employers’ business models and disrupt IATSE members’ livelihoods. The stakes involved are high, therefore IATSE’s approach as a union must be comprehensive, focusing on Research, Collaboration, Education, Political and Legislative Advocacy, Organizing, and Collective Bargaining.\n\n2. RESEARCH: IATSE will be at the forefront of understanding how AI and ML will impact members and the broader entertainment industry. This includes better understanding how AI & ML tools are being used by members and the employers now, the capabilities and limitations of existing AI & ML tools, forecasting the capabilities and limitations of AI & ML tools to be developed in the future. IATSE will work to establish clear definitions that categorize various types of so-called “artificial intelligence” in order to advance enforceable legislative and collective bargaining oversight. IATSE will also urgently identify which crafts and Local Unions are most at-risk of being affected in the immediate future. \n\nThe IATSE Commission on Artificial Intelligence will engage in a comprehensive study of AI technologies, with a particular focus on how they may reshape the landscape of entertainment industry jobs under IATSE’s jurisdiction. It will also consider how contract provisions, legislation, and training programs can be adapted to ensure the fruits of increased productivity through AI are shared equitably among all stakeholders.\n\n3. COLLABORATION WITH PARTNERS AND STAKEHOLDERS: The IATSE Commission on Artificial Intelligence will bring together IATSE members and representatives at all levels, as well as external experts to guide the union’s approach to the challenges and opportunities presented by this new technology. Union leadership and this commission will interface with allied groups and organizations, including but not limited to the AFL-CIO Technology Institute, the Human Artistry Campaign, the Copyright Alliance, and the Department of Professional Employees (AFL-CIO). Given the distributed nature of this technology and the reality of dealing with multi-national corporations, IATSE will continue to collaborate with allies outside the United States and Canada as well, including organizations like UNI MEI and BECTU.\n\n4. EDUCATION: IATSE Members will continue to be the best in the world at what we do. We have adapted to new technologies and even developed many of the tools and techniques that have pushed entertainment forward for the last 130 years. We will embrace new technologies and tackle the issue head on. We assert that our members have the right to receive adequate training and upskilling opportunities to navigate any changes brought about by AI in their work environment. We will continue to work to equip our members with the skills to navigate this technological advancement and build a culture of continuous education, both through IATSE’s own Education and Training Department, and the IATSE Training Trust Fund.\n\n5. ORGANIZING: IATSE recognizes implementation of AI & ML as catalysts for organizing. Our union is committed to organizing entertainment workers in new related job classifications.\n\n6. MAINTAIN WORKERS’ RIGHTS, MEMBERS’ JOB SECURITY, and UNION JURISDICTION: Workers in jobs that use AI should be afforded the same rights and protections as those in roles which have not historically used AI. New technology must not become an excuse to erode the conditions we’ve fought to achieve for decades, nor should it become a way to circumvent the union altogether. The implementation of AI and ML should not lead to job losses but rather should serve as a tool, complementing the work done by our members. We commit to continuing to advocate for our members' job security in the face of AI integration.\n\n7. POLITICAL AND LEGISLATIVE ADVOCACY: The union will continue to represent behind the scenes entertainment workers’ interests in policymaking, focusing on maintaining strong copyright and intellectual property laws. As members of the Human Artistry Campaign, IATSE supports the Core Principles for Artificial Intelligence Applications in Support of Human Creativity and Accomplishment. Generally, we will advocate for policies that:\n• Ensure entertainment workers are fairly compensated when their work is used to train, develop or generate new works by AI systems\n• Prioritize the people involved in the creative process and protect owners of intellectual property from theft\n• Improve transparency of the use of AI & ML systems\n• Prevent legal loopholes that can be exploited by individuals, companies, and organizations in the U.S., Canada, and otherwise\n\n8. COLLECTIVE BARGAINING: The impact of AI on work conditions and roles falls within the scope of mandatory collective bargaining subjects. We commit to negotiating provisions that address AI into our future contracts. IATSE demands transparency from employers regarding their use of AI, even in the absence of relevant government legislation. \n\nWe are dedicated to safeguarding our members' privacy rights and ensuring that AI applications adhere to the highest ethical standards, including non-discrimination and fairness. We also recognize that collective bargaining is the primary way to ensure workers do not have to wait for government regulation through legislation, which could take years or may never come at all.""]"
256,73,256_assemblymember_workers_employers_legislators,"['assemblymember', 'workers', 'employers', 'legislators', 'coworkers', 'worker', 'governor', 'retailworkersafety', 'retailworkersafetyact', 'assembly']","[""Retail worker safety WINS today in New York! The #RetailWorkerSafety Act has PASSED the New York State Senate! Thanks to Senator Andrea Stewart-Cousins and our bill sponsors State Senator Jessica Ramos  and Hon. Karines Reyes, RN for their leadership on this important issue. The bill now moves to Governor Kathy Hochul's desk!\n\nThis groundbreaking legislation requires corporate retail employers to adopt a violence prevention plan, train workers in de-escalation and active shooters, and large employers must install panic buttons. \n\n“We look forward to working with the Governor to sign this bill, completing her comprehensive efforts in 2024 to address theft and violence in retail,” said RWDSU President <redacted_mention>. Let’s get this bill signed in 2024, because retail workers can’t wait! \n\nRead the full release: www.rwdsu.org/news/retail-worker-safety-act-passes-ny-senate"", 'Support for the #RetailWorkerSafety Act continues to grow in the New York State Senate! We’d like to thank all our State Senators who have committed to getting this bill passed that prioritizes retail worker safety in the face of growing retail violence.\n\nRead more about the bill: www.rwdsu.org/retailworkersafety', '“On Tuesday, <redacted_mention> said that ‘employers can, and should, do more to protect their employees.’” \n\nThe RWDSU is fighting for #RetailWorkerSafety! Retail workers need de-escalation trainings and violence prevention plans to keep them safe. Retail workers need the Retail Worker Safety Act!']"
257,72,257_firefighters_fighters_employment_awareness,"['firefighters', 'fighters', 'employment', 'awareness', 'illnesses', 'terrorist', 'authenticity', 'children', 'performers', 'hats']","[""THAT is why you don't tell a person with disabilities what they can and can't do. 💯\n\nCreated by the SAG-AFTRA Performers with Disabilities Committee in honor of National Disability Employment Awareness Month, featuring Jason W. George, Angel Giuffria and Brian Dietzen. #NDEAM\n\n'Can't do What?' created by...\nJason T  Gaffney \nKhristina LaMonte\nAngel Giuffria \nThea Touchton\nNicole Cyrille \nMemo Sauceda\nNatalia Castellanos \nVanessa Morales\n\nThis video is also available with audio description on our YouTube channel or on our website: sagaftra.org/timetogetreal."", 'Carson City, NV Local 2251 collected $6,000 from local businesses to purchase coats for more than 200 children in need as a part of the Coats for Kids campaign.', 'Erie, PA Local 293 distributed 156 new American made coats to needy children attending a local Head Start program. Fire fighters raised money for the coats by sponsoring a summer fundraiser  and support from local sponsors. The children received the coats right before a winter storm hit the area.']"
258,71,258_regulations_1851_federal_firefighters,"['regulations', '1851', 'federal', 'firefighters', 'article41039238', 'association', 'policy', 'firefighting', 'public', 'fighters']","['“This new law should really help IAFF members who work in fire departments that don’t have a policy in place or who have employers who are hesitant to make any adjustments for pregnant or postpartum fire fighters,” said Newport Professional Firefighters Local 45 IAFF Secretary Audrey Owczarzak, a member of the IAFF Elected Human Relations Committee. “It is important to keep in mind, however, that fire fighters must take the initiative to make the request. Employers will not suggest accommodations.”', '👏 🙌 The James Island Professional Firefighters Association-Local 5385 put in strong work advocating for higher #firefighter pay to better compete with neighboring fire departments.\n\nAs a result, James Island fire fighters will now receive a minimum salary increase of $10,000. \n\n“South Carolina is a tough environment for unions. Sometimes you have to work twice as hard to get a positive result, but it can be done,” Local 5385 President Sean Foulois said. \n\n“You just have to trust the process.” \n\n📰➡️ read more: www.iaff.org/news/south-carolina-fire-fighters-win-pay-increase-to-help-recruitment-and-retention/', 'The Cherry Hill Fire Department will hire new fire fighters and EMTS, plus fund several training, equipment, and technology initiatives thanks to federal grant funding. Strong work by the Cherry Hill Professional Firefighters and the New Jersey Firefighters PFANJ advocating for the safety and well-being of the community and its fire fighters!']"
259,71,259_thankapublicemployee_ourpublicservice_publicservicerecognitionweek_employees,"['thankapublicemployee', 'ourpublicservice', 'publicservicerecognitionweek', 'employees', 'employee', 'unsung', 'obama', 'proud', 'work', 'serve']","[""We at AFT know the importance of safe, healthy communities. That's why as we wrap up Public Service Recognition Week, we want to thank the public employees working in public health!\n\nLearn more about PSRW here: https://www.aft.org/public-service-recognition-week"", 'Thank you federal and D.C. government workers for all that you do! Happy Public Service Recognition Week! #PSRW #AFGE #1u', 'We are honored to celebrate all public servants this Public Service Recognition Week. Thank you for the work you do to serve the American public! #PSRW']"
260,70,260_workers_teamsters_heroes_teamcare,"['workers', 'teamsters', 'heroes', 'teamcare', 'protections', 'represented', 'coalition', 'national', 'victory', 'themselves']","[""N.C. RED CROSS WORKERS UNANIMOUSLY VOTE TO JOIN TEAMSTERS\nLet's welcome workers at the American Red Cross in Cary, North Carolina who voted unanimously to join Teamsters Local 391. This is the fourth organizing victory at a Red Cross facility in North Carolina in the last month. This cohort joins three units of Red Cross Durham workers who also recently voted to join Local 391.\n\n“We are happy to welcome another group of Red Cross workers to the Teamsters family here in North Carolina,” said Moses Darden, Lead Organizer at Local 391. “This latest organizing victory is part of a growing movement of Red Cross workers in the Carolinas who are rising up and demanding fair treatment and job protections. We look forward to helping these workers get the contract they deserve.”\n\n“My coworkers and I could not be more excited to join Local 391,” said Amy Starks, Collections Specialist at Red Cross’ Cary facility. “We know that the Teamsters will always advocate for and support Red Cross workers like us. We’re ready to fight for the contract we deserve!”\n\nThese workers join more than 1,700 other Red Cross workers who are represented by the Teamsters. 👊"", ""SALT LAKE CITY RED CROSS WORKERS ORGANIZE WITH TEAMSTERS \n\nLet's welcome manufacturing distribution technicians at the American Red Cross in Salt Lake City who have voted overwhelmingly to join Teamsters Local 222! These workers join more than 50 other American Red Cross workers who have organized with Local 222.\n\n“We are elated to welcome another group of essential American Red Cross workers to the Teamsters,” said Spencer Hogue, Secretary-Treasurer of Local 222. “These workers play a critical role in not just Salt Lake City, but in the national blood supply chain. Their important contributions to our communities should be rewarded with a strong union contract.”\n\n“With national negotiations slated to kick off in the coming weeks, American Red Cross workers are forming their union with the Teamsters to ensure their priorities are addressed in the new collective bargaining agreement,” said Jason Lopes, Teamsters Health Care Director. “We look forward to getting to work on negotiating the strongest possible agreement for all American Red Cross Teamsters.”\n\nThese workers will join more than 1,800 other American Red Cross workers represented by the Teamsters and immediately be covered by a National Master Agreement between the Teamsters and the American Red Cross.\n\nhttps://teamster.org/2024/02/salt-lake-city-red-cross-workers-organize-with-teamsters/"", ""TEAMSTER MOMENTUM CONTINUES AT AMERICAN RED CROSS FACILITIES IN N.C.\n\nLet's welcome workers in the fixed collections units at the American Red Cross facility in Winston-Salem who voted to join Teamsters Local 391. This is the sixth organizing victory at a Red Cross facility in North Carolina in the last 60 days.\n\n“American Red Cross workers are watching their co-workers join the Teamsters and they want to secure the benefits of a strong Teamster contract for themselves,” said Moses Darden, Lead Organizer at Local 391. “The momentum we’re seeing in North Carolina and across the nation among Red Cross workers is thrilling. These workers provide critical health care services to our communities, and we couldn’t be more excited to welcome another unit of workers to Local 391.”\n\n“Since launching the American Red Cross organizing campaign in November, the Teamsters have had 22 organizing victories at Red Cross facilities in several states,” said Jason Lopes, Teamsters Health Care Director. “These workers play a crucial role in America’s blood supply chain and should be compensated fairly for their important work. We are glad that Red Cross workers across the nation are joining the Teamsters and getting contracts that recognize their valuable work.”\n\nRead more: https://teamster.org/2023/05/teamster-momentum-continues-at-american-red-cross-facilities-in-n-c/""]"
261,69,261_union_afsa_org_apwu,"['union', 'afsa', 'org', 'apwu', 'cwa', 'news', 'administrators', 'here', 'newsletter', 'cap']","['The CWA Newsletter is out! Read it here: https://cwa-union.org/news/e-newsletter/2020-12-03', 'The CWA newsletter is out! Read it: https://cwa-union.org/news/e-newsletter/2021-03-11', 'The CWA Newsletter is out! Read it: https://cwa-union.org/news/e-newsletter/2020-11-12']"
262,69,262_sales_voting_vote_winners,"['sales', 'voting', 'vote', 'winners', 'winning', 'give', 'announcing', 'us', 'calendar', '2016iamphotocontest']","['Hit us with your best shot and enter the 2024 IAM photo contest today! 📸', 'You can still order your 2022 IAM Calendar, featuring winners of the 2021 IAM Photo Contest', ""It's your decision. Vote for the best in the 2018 IBEW Photo Contest today!""]"
263,68,263_union_supportssworkers_attorneys_everybodysunion,"['union', 'supportssworkers', 'attorneys', 'everybodysunion', 'nationalcatday', 'nationaldogday', 'uswlife', 'nationalpetday', 'allamericanpetphotoday', 'unionpets']","[""It's National Pet Day! Tell us about your classroom pets 🐸🐹🐰"", 'We hear it’s National Love Your Pet Day and we ❤️ these union pets who support federal workers.', 'Happy #NationalPetDay to all our union pets! Whether they show up in the background of Zoom bargaining sessions or join us on the picket line, pets are an important and goofy part of our union family. Show us your union pet below!']"
264,67,264_nationalemsweek_firefighters_fighters_support,"['nationalemsweek', 'firefighters', 'fighters', 'support', 'aft', 'org', 'emsweek', 'assistance', 'servingcommunities', 'national']","['National #EMSWeek is a time to raise public awareness about the critical role of EMS in the community. #ServingCommunities https://www.iaff.org/toolkits/ems-week/', 'May 15-21, 2022 is National #EMSWeek. We encourage you to highlight the role of EMS response in your community using the resources and materials we’ve developed for EMS Week. #ProtectingtheProtector\nhttps://www.iaff.org/toolkits/ems-week/', 'May 16-21 is National EMS Week when we will recognize the critical role paramedics and EMTs play in serving our communities. #EMSWeek\n\nhttps://www.iaff.org/toolkits/ems-week/']"
265,67,265_volunteers_volunteering_jobs_labor,"['volunteers', 'volunteering', 'jobs', 'labor', 'august', 'committees', 'members', 'memorial', 'march', 'month']","['The SMART Army is in Washington, DC in solidarity with the National Action Network’s March on Washington', 'SMART Transportation Division State Legislative Director Ronnie Hobbs (TD Local 854 in Portsmouth, Virginia) and Matt Gugala (SM Local 265 in Carol Stream, Illinois) were both recognized today for their outstanding community service and leadership through their contributions to the SMART Army—the union’s activist arm.\n\nIn the first of what promises to become an annual tradition, the Joseph J. Nigro SMART Army Service Award was bestowed upon both Thursday after they were nominated by their peers. Both serve as SMART Army coordinators from their respective states. \n\nHobbs was active in promoting SMART Sheet Metal and Transportation Division efforts through intense lobbying in the state capitol and through his contributions to communities throughout the state. He led efforts to donate backpacks on behalf of SMART to disadvantaged students in Richmond and the Tidewater region, among a number of other community projects.\n\nGugala, SMART Army coordinator for Sheet Metal locals in Illinois, organized and set up SMART Army committees in every SM local in the state and helped provide assistance for events organized by locals throughout the state. Thanks to his efforts, SMART members were able to intensify their efforts in places like Peoria, where they set up basketball tournaments for local students and participated in rucksack races to raise funds for the Wounded Warriors, staffed food pantries and visited Veterans Administration hospitals to spend time with World War II veterans who had lost their loved ones.', 'April is SMART Army Month of Community Action. In our latest episode of Talking SMART, our featured guest is a true SMART Army pioneer — SMART-TD Virginia Legislative Director & SMART Army Coordinator Ronnie Hobbs. \n\nLISTEN NOW: https://talkingsmart.podbean.com/e/episode-12-the-smart-army-is-on-the-move-in-virginia/\n\nWe talk with Ronnie about community projects and service the SMART Army has done in Virginia, including food drives, sponsoring Little League events and repairing and donating a golf cart for a young cancer patient to drive around his neighborhood, as well as his state legislative work around two-person crew and other issues important to SMART members. \n#1u #LaborRadioPod']"
266,66,266_workers_unionize_employees_union,"['workers', 'unionize', 'employees', 'union', 'bargaining', 'organize', 'industry', 'organizing', 'collective', 'company']","['ZeniMax workers describe what it is like to organize a union under the neutrality agreement between Microsoft and CWA. With neutrality, workers can exercise their right to form a union without fear.\n\nWork at Microsoft/Activision Blizzard? Learn more at http://CWA.org/ABK', 'CWA and Microsoft have extended the ground-breaking labor neutrality agreement to cover workers at Microsoft subsidiary ZeniMax Media Inc, enabling all eligible ZeniMax workers to freely and fairly make a choice about union representation!\n\n“Thousands of our ZeniMax co-workers now have a free and fair path to organize together for better working conditions. When we organized our union under a similar legal agreement the process was clear and management did not try to influence anyone’s decision and the company did not try to interfere with the voting process. There is strength in numbers, and as our numbers grow at ZeniMax, at Microsoft, and in the video game industry, we will gain the respect we deserve and raise the standards of working conditions for everyone across the video gaming industry. When we benefit, the consumer and the company will ultimately benefit with us and help keep this industry stable for current and future workers,” said Page Branson, Senior II QA Tester and member of ZeniMax Workers United-CWA.', 'In a historic development, Microsoft has agreed to incorporate a group of 77 Microsoft contract workers into the ZeniMax Workers United-CWA union! This is thanks to workers organizing for a better future!\n\nThe use of contractors is common in the video game industry, and they often earn lower wages, have fewer benefits, and face less job stability than the direct employees they work alongside.\n\nBy recognizing the workers as members of the union, ZeniMax and Microsoft management are setting a new standard for workers across the video game industry.']"
267,66,267_lawmakers_org_funded_union,"['lawmakers', 'org', 'funded', 'union', 'bipartisan', 'taxpayer', 'legislation', 'organizing', 'companies', 'worker']","[""CWA's nationwide fight to protect call center jobs continues with several states taking action to pass legislation that would help keep jobs in the U.S. Check out what’s going on in Ohio and New York! https://www.cwa-union.org/news/call-center-legislation-update"", 'CWAers across the country are making progress on passing legislation to protect call center jobs from offshoring! In New York, thanks to the great work from our CWA family in District 1, the New York State Senate overwhelmingly voted to pass the New York State Call Center Jobs Act to protect call center workers! In Tennessee, CWAers are drawing local media attention as they mobilize to pass legislation that protects call center jobs in the wake of the announcement that Conduit Global, which received $2 million in Tennessee state grants is laying off 112 call center employees. https://cwa-union.org/news/new-york-senate-passes-bill-protect-call-center-jobs', 'CWAers across the country are making major strides on passing legislation to protect call center jobs from offshoring! The latest win comes out of New York after the New York Call Center Jobs Act passed through the New York Senate Labor Committee. In Virginia, a call center bill focused on state agencies passed the House of Delegates and is next in the Senate Commerce and Labor Committee. Both Washington & Maine are having hearings on call center bills while many other states are introducing call center legislation. Check to see if your state is introducing call center legislation here! https://cwa-union.org/news/cwaers-across-country-make-progress-on-passing-legislation-protect-call-center-jobs']"
268,66,268_org_arrangement_ufcwhowto_227,"['org', 'arrangement', 'ufcwhowto', '227', 'handiwork', '2018', 'expert', 'ufcw', 'florists', 'festivals']","['From the union that makes the celebrations in your life special - Michelle shows you how to create a bridal bouquet in our next #UFCWHowTo video! www.ufcw.org/howto/ #Florist', 'Are you hosting Thanksgiving this year? If so, let UFCW florist Michelle show you how to make a festive floral centerpiece! www.ufcw.org/howto', 'A good florist can sell you a beautiful holiday bouquet – and also show you how to make your own! Pros like UFCW member (and Kroger florist) Michelle is one of them: www.ufcw.org/howto']"
269,65,269_protectallworkers_congress_americanminersact_bipartisan,"['protectallworkers', 'congress', 'americanminersact', 'bipartisan', 'senators', 'preserveourpensions', 'justiceforjanitors', 'legislation', 'intervenes', 'pensions']","['More than 20,000 retired coal miners and their families are in danger of losing their health benefits if Congress does not take action before April 30 and pass the Miners Protection Act.\n\nTell Congress to Pass the Miners Protection Act: http://umwa.org/find-your-legislators/', 'Five U.S. Senators spoke during the May 25th floor proceedings about the importance of the Miners’ Protection Act, S.1714. Thank you Senator Joe Manchin III, U.S. Senator Bob Casey, Senator Sherrod Brown, Senator Mark Warner, and <redacted_mention>  for your support! Go to umwa.org to learn more about what you can do to pressure Congress to pass this life or death legislation.', 'U.S. Senators once again take to the floor to fight for the Miners Protection Act, S. 1714. - Senator Joe Manchin III, Senator Shelley Moore Capito, Senator Sherrod Brown, Senator Mark Warner, and Senator Rob Portman.']"
270,65,270_enrollment_healthcare_benefits_unionplus,"['enrollment', 'healthcare', 'benefits', 'unionplus', 'gov', 'retiree', 'medicare', 'deadline', 'november', 'insurance']","[""YOU HAVE TWO DAYS LEFT TO SIGN UP.\n\nGo to HealthCare.gov right now and sign up for affordable health coverage before it's too late! #GetCovered"", 'Spread the word: More affordable healthcare options  for working people on healthcare.gov/ #GetCovered', 'Do you need health insurance? Now is the time to check out your options at healthcare.gov. #GetCovered']"
271,63,271_union_solidarity_workers_everybodysunion,"['union', 'solidarity', 'workers', 'everybodysunion', 'steelworkers', 'autoworkers', 'paperworkers', 'labor', 'our', 'us']","['Happy Labor Day 🇺🇸', 'Happy Labor Day !', 'Have a happy and safe Labor Day weekend! And to NATCA members working during some or all of this weekend, thank you! #LaborDay, #Union, #Solidarity']"
272,62,272_supported_awardees_https_utm_medium,"['supported', 'awardees', 'https', 'utm_medium', 'justice', 'rights', 'civil', 'we', 'utm_content', 'education']","[""On July 3rd, NEA and community members from across the country will come together for a special evening of celebration at the #NEAHCRAwards and to recognize today’s changemakers who have made great strides to promote and defend human and civil rights. \n\nIt's not too late to get your tickets. Join us: https://www.nea.org/professional-excellence/conferences-events/human-civil-rights-awards-program"", '""Parker Palmer once said, ‘We teach who we are,’ and my proudest achievements as an educator have all bloomed directly out of my identities. I am Chinese American, and I\'m the first in my family to be born here in the United States. I come from a long line of scientists and scientific thinkers, but I\'m the first in my family to come out as transgender.\n\nI started transitioning while I was in high school without much support from my parents or teachers. I\'m one of the kids who skipped class to survive because I couldn\'t stand to be laughed at one more time or called by the wrong name and pronouns.\n\nI love science and although I fancied becoming a doctor or a researcher, I landed on teaching as an ideal career. People did warn me that some schools would not want a trans person teaching their students and while that remains true in many schools, it has not held me back.\n\nEvery child deserves to have teachers who share their experiences and identities because these adults provide hope and proof that a fulfilling life is possible. For our growing number of trans and nonbinary and questioning students, I get to be that proof.\n\nIn 2019, I started CO-Ten, the Colorado Transgender and Nonbinary Educators Network (@TransEducators), to amplify support and visibility for these uniquely talented educators. In 2020, we passed the Right to be Out rule, making Colorado the first state to expressly forbid harassment of individuals for being open about their sexual orientation or gender identity.\n\nIn science class, when students learn biology, they are entitled to see their lives reflected in this so-called study of life. I grew up learning that a baby is made when a sperm cell from the dad meets the XL from the mom and that\'s not good enough. For today, that language doesn\'t represent our diverse genders, sexualities, and families in our schools. So I created genderinclusivebiology.com, a growing collection of resources and training on how to teach accurate inclusive and future-ready biology, and I look forward to continuing the work of creating classrooms where every student belongs.""\n\nSam Long, Science Teacher, Denver, CO #NEAMemberMonday\n\nBe sure to share this Member Monday with the educator who is creating an inclusive classroom in your school or tag them in the comments below!', '🏆 Nominations are open for the 2025 NEA Human and Civil Rights Awards! Nominate an educator, individual, organization, or NEA affiliate who has made strides in racial justice, social justice, and human or civil rights. The deadline to submit is Friday, December 6. https://www.nea.org/professional-excellence/conferences-events/human-civil-rights-awards-program']"
273,62,273_work_org_members_enrollment,"['work', 'org', 'members', 'enrollment', 'ufcw', 'apply', 'quarter', 'make', 'serve', 'classes']","[""SAVE THE DATE 📅\n\nApplications for the summer quarter of UFCW's Free Foreign Language Program will open on Thursday, June 20 at 1pm ET.\n\nWhether it’s for travel, for work, or just for fun, this program offers members the ability to learn over 70 languages for free online.\n\nBe sure to make your calendar, as enrollment is on a first come, first serve basis!\n\nLearn more: https://bit.ly/3FBvRSn"", ""SAVE THE DATE 📅\n\nApplications for the fall quarter of UFCW's Free Foreign Language Program will open on Friday, September 20 at 1pm ET.\n\nWhether it’s for travel, for work, or just for fun, this program offers members the ability to learn over 70 languages for free online.\n\nBe sure to make your calendar, as enrollment is on a first come, first serve basis!\n\nLearn more:  https://bit.ly/3FBvRSn"", ""🚨 Don't miss out! UFCW Free Language Program Fall quarter applications will open on Wednesday, September 20 at 1pm ET. Learn a new language from the 70 languages we have available for FREE! Spots are given on a first come, first serve basis!\n\nhttps://www.ufcw.org/language/""]"
274,61,274_ccwusolidarityfund_solidarity_executives_protests,"['ccwusolidarityfund', 'solidarity', 'executives', 'protests', 'federally', 'workers', 'enrollment', 'healthcare', 'aca', 'wages']","['Today, Maximus strikers returned to work delivering signatures from almost 12,000 community members supporting them in their fight for fair wages, paid sick leave for all, and a union. ✊\n\nMaximus heard us loud and clear and Maximus workers felt the love from supporters coast to coast who signed the support letter and spoke out in solidarity!  \n\nWe will keep fighting until all Maximus workers receive the respect and dignity they deserve.  Thank you to everyone who supported #MaximusStrike.', 'HUGE VICTORY! After Maximus workers came together to pressure Maximus to lower the cost of it’s healthcare, Maximus announced plans yesterday to lower healthcare costs beginning in April.', 'WATCH: Call Center Workers attend the Maximus Shareholder meeting to have their voices heard! \n\nSupport call center workers by going to http://cwa-union.org/maximus']"
275,61,275_workers_worker_executives_executive,"['workers', 'worker', 'executives', 'executive', 'wage', 'republic', 'authorities', 'corporations', 'hour', 'report']","[""No, you're not imagining things. If it feels like you're just scraping by while the ultra-wealthy just keep getting richer, it's because the average CEO of an S&P 500 company receives 268x their median employee’s total compensation (several corporate CEOs make thousands of times more than what their employees earn).\n\nCorporations keep raising prices while giving their CEOs huge raises and calling it inflation. And instead of investing in workers, S&P 500 companies repurchased $795 billion in shares in 2023.\n\nRead the new Executive Paywatch report released by the AFL-CIO to learn more.\nhttps://aflcio.org/paywatch"", ""In 2022, S&P 500 CEOs had the second-highest level of pay on record. At a time when many working people are struggling to afford the basics, this CEO-to-worker pay ratio is unacceptable. \n\nRead more in the AFL-CIO's Executive Paywatch report 👇"", ""The AFL-CIO has released its annual 2017 CEO Pay Report! According to the labor federation's Executive Paywatch data, extreme income inequality is on the rise. CEOs now make 347 times more than the average worker. Working families deserve better! Learn more: https://www.cwa-union.org/news/new-report-ceos-making-347-times-more-average-workers""]"
276,61,276_unionsforall_afm_union_support_solidarityseason,"['unionsforall', 'afm_union', 'support', 'solidarityseason', 'solidaritysummer', 'solidarity', 'associate', 'writersstrike', 'solidaritysunday', 'corporate']","['Workers united will never be defeated! ✊ Solidarity with Writers Guild of America, East and Writers Guild of America West!', 'C is for Congratulations to the #UnionStrong Writers Guild of America, East writers!', 'Solidarity with Writers Guild of America, East and Writers Guild of America West!']"
277,61,277_ifsac_attorneys_benefits_enrollment,"['ifsac', 'attorneys', 'benefits', 'enrollment', 'aqf', 'members', 'unionpluslegal', 'credits', 'consultations', 'fire']","['IAFF members can now receive a special reduced tuition rate on all programs, including fire science degrees at Kaplan University. Find out how you can save, and about all the other education benefits available to you and your family. Members #SaveonEd.\nIAFF.KAPLAN.EDU', 'Give yourself the most important gift this holiday season and earn your fire science degree at Kaplan University. You and your family can receive an education online that is rewarding and affordable.\nTuition Reduction = Affordable Degree\n\nIAFF.Kaplan.edu', 'Give yourself the most important gift this holiday season and earn your fire science degree at Kaplan University. You and your family can receive an education online that is rewarding and affordable.\n\nTuition Reduction = Affordable Degree\n\nLearn More: IAFF.Kaplan.edu']"
278,60,278_report_institute_council_workers,"['report', 'institute', 'council', 'workers', 'employees', 'iupatwins2018', 'shoplifting', 'tips', 'paychecks', 'employers']","['""Wage theft in California, the amount of money employers steal from their employees, is estimated to be $2 billion dollars a year. So wage theft is about three times as large a problem in California than organized retail theft. Moreover, the victims of organized retail theft are corporations that, despite theft and other causes of shrink, are highly profitable. The victims of wage theft are low-wage workers struggling to make ends meet.""\n\n""Workers who are successful are generally awarded a small fraction of what they claim to be owed, and \'most workers are unable to collect their owed wages even when winning awards.\' The state Labor Commissioner’s wage theft unit, which is responsible for hearing wage theft claims, \'has blamed staffing shortages for long delays in hearing cases.\' Labor advocates are pushing for a \'streamlined hiring process\' and \'increased pay\' to fill the unit\'s many vacancies. ""', 'Just a reminder: Wage Theft is just that: THEFT.', 'Most theft is Wage Theft.']"
279,59,279_org_november_contributing_contain,"['org', 'november', 'contributing', 'contain', 'may2020log', 'august', 'mymaritimecareer', 'publication', 'august2021log', 'siu']","['PDF of the July Log is up. Thank you for reading and for contributing content. #1u #SIU #Seafarers #MyMaritimeCareer \n\nhttps://www.seafarers.org/wp-content/uploads/2024/06/July2024Log.pdf', 'PDF of the August Log is up. On behalf of Team Log, thank you for reading. #1u #SIU #Seafarers #MyMaritimeCareer \nhttps://www.seafarers.org/wp-content/uploads/2024/07/August2024Log.pdf', 'November Log PDF is up. As always, thank you for reading, and for submitting photos and story ideas. #1u #SIU #Seafarers #MyMaritimeCareer\n\nhttps://www.seafarers.org/wp-content/uploads/2024/10/November-2024-LOG.pdf']"
280,58,280_workers_policy_lawsuits_federal,"['workers', 'policy', 'lawsuits', 'federal', 'electionsmatter2016', 'labor', 'npr', 'businessweek', 'administration', 'donors']","['“Promises to save US manufacturing and prevent American jobs moving abroad were a key part of Donald Trump’s 2016 campaign. But since Trump took office in January 2017, nearly 200,000 jobs have been moved overseas, based on Trade Adjustment Assistance certified petitions.”', '“He always rigged it so he got paid no matter how his companies performed,” Clinton said of Trump. “He walked away with millions. That’s what you need to know about Donald Trump — it’s not about what he can build, it’s about how much he can take.” #UniteAC UNITE HERE Local 54', 'Trump said, ""Sending work outside your company is not always a terrible thing. I know that doesn’t make it any easier for people whose jobs have been outsourced overseas, but if a company’s only means of survival is by farming jobs outside its walls, then sometimes it’s a necessary step. The other option might be to close its doors for good.” The problem is that Trump never even bothered to try to make it here, he skipped that step and went overseas for almost all of his goods from the start. This article tries to figure out where exactly Trump’s products come from. #ElectionsMatter2016']"
281,56,281_union_workers_employees_supportmafunion,"['union', 'workers', 'employees', 'supportmafunion', 'unionization', 'strike', 'institution', 'staff', 'associate', 'solidarity']","['The Philadelphia Museum of Art became one largest museum unions in the country last week when 89% of eligible employees voted to unionize.', 'WATCH: AFSCME members showed up in a sea of green at the Philadelphia Museum of Art to support their Philadelphia Museum of Art Union (AFSCME District Council 47) in their fight for a fair contract. Fair contract NOW! #AFSCMETogether', 'The Philadelphia Museum of Art Union has been in contract negotiations with the museum for a year and a half. In early April, over 200 people rallied with the union to demand a fair contract. Check it out! Cultural Workers United—AFSCME AFSCME District Council 47']"
282,56,282_go_work_democratic_pt,"['go', 'work', 'democratic', 'pt', 'promote', 'awesome', 'brothers', 'pension', 'makes', 'twitter']","['Congratulations brother!', 'Congratulations, brothers and sisters! ✊ 👏', 'Congratulations, brothers and sisters!']"
283,56,283_americarecyclesday_ibew40thconvention_machinistsmilitarymonday_convention,"['americarecyclesday', 'ibew40thconvention', 'machinistsmilitarymonday', 'convention', 'dailyarticlesfriday', 'conference', 'events', 'itsbetterinaunion', '74th', 'dailyarticlesmonday']","['#ThrowbackThursday #tbt #uaproud', '#ThrowbackThursday #TBT', '#ThrowbackThursday #tbt']"
284,55,284_worldaidsday2020_we_worldaidsday_roadnationofficial,"['worldaidsday2020', 'we', 'worldaidsday', 'roadnationofficial', 'transmission', 'universally', 'charity', 'elizabeth', 'provide', 'supportindieartists']","['WATCH: Today on World AIDS Day we would like to highlight the work that the Elizabeth Glaser Pediatric AIDS Foundation, along with the help of CWA, does to protect the health and prevent transmission of HIV to over 25 million women with life saving services.Watch the story of Anna, a young women living with HIV, and see how her success is a testament to how together we can change the lives of children and families living with HIV.', 'Today, on World AIDS Day, we must play our part. Approximately 400 children are infected with HIV every day. Together, we can stop this. CWA and the Elizabeth Glaser Pediatric AIDS Foundation have been partners for an AIDS-free generation since 1990 and have made incredible progress by reaching more than 27 million women with lifesaving services. Learn more about how you can help: https://cwa-union.org/news/on-world-aids-day-cwaers-can-help-end-pediatric-aids', ""On this #WorldAIDSDay, we honor the 39 million people living with HIV and remember those we've lost to AIDS. Thank you to our #SagAftraMembers for their unwavering dedication in the fight against HIV/AIDS. Together, we make a difference.""]"
285,55,285_activism_teachers_educators_education,"['activism', 'teachers', 'educators', 'education', 'housing', 'students', 'shelters', 'teacher', 'communities', 'schools']","[""When AFT President Weingarten visited Lviv in October of last year, Mayor Andriy Sadovyi asked the AFT to help provide generators to Kindergartens, and now, less than six months later, we have. Throughout this first year Russia's invasion of Ukraine, teachers have been under constant attack – traumatized, tortured, their homes and schools destroyed, and families and neighbors killed. This month, we have, alongside our partners in the Polish Teachers Union, the Ukraine Teachers Union, SNTE and the Ukraine Children’s Action Project, delivered and installed fifty generators to heat and light bomb shelters throughout the southwest region of Ukraine."", 'It’s been a long and winding road, but Renaissance Village—a sleek, union-built complex of teacher housing and retail shops—is open for business. More than a decade in the making and part of a massive AFT-led campaign called Reconnecting McDowell, the four-story building is a beacon of new enterprise and hope for its community in rural West Virginia. https://www.aft.org/news/reconnecting-mcdowell-dedicates-new-housing', 'AFT President Randi Weingarten is in McDowell County, W.Va., today to break ground on a new teacher housing village. \n\nThe Renaissance Village will be essential to recruiting and retaining teachers in rural McDowell County, which is one of the poorest counties in the country.']"
286,55,286_unionvote_iamtheunionvote_electionsmatter2016_voter,"['unionvote', 'iamtheunionvote', 'electionsmatter2016', 'voter', 'voting', 'candidates', 'vote', 'elections', 'voters', 'ballot']","[""So much is at stake this election. We're voting early for leaders who will fight to keep us safe at work. Why are you voting? www.myvoteisessential.org/register #MyVoteIsEssential"", 'Voters have done their job, and now election officials are doing theirs – counting every vote. It may take days before we know the outcome in some states. With Senate and House control still too close to call, we are reminded why every single vote matters. The labor movement will always protect our freedoms, defend our democracy and do everything we can to ensure every vote is counted.\n\nWhat we do know is that IATSE kin and union members across the country turned out, defied historical midterm trends, and made the difference in key races and ballot measures across the country. THANK YOU for making your voices heard and continuing the fight for a better future for working people.', 'Local elections are underway, shaping our nations future. We must vote for leaders who value #union workers and working-class families. EVERY election matters so, exercise your right and make your voice heard today! #LIUNAVotes #GOTV']"
287,55,287_scheduled_schedule_tomorrow_2020,"['scheduled', 'schedule', 'tomorrow', '2020', 'monday', 'thursday', 'october', 'hiring', 'tuesday', 'today']","['The hiring hall in Jersey City, New Jersey, is closed until Monday, Dec. 27, for precautionary reasons. The hall is reachable by phone during regular business hours.', 'For precautionary reasons, the hiring hall in Wilmington, California is closed until Monday, October 4.\n\nThe hall is still reachable by phone during regular business hours.', 'Monday morning updates: Baltimore hall remains closed until further notice.\n\nHQ and Piney are closed today due to inclement weather.\n\nFor precautionary reasons, the hiring in hall in Houston will be closed at least until this Thursday, January 6. Members can still reach the hall by phone and email. We’ll post an update when one is available.\n\nTwo other halls that recently had closed (also for precautionary reasons) will reopen Monday morning: those in Jersey City, New Jersey; and Wilmington, California.']"
288,54,288_officers_security_officer_firearms,"['officers', 'security', 'officer', 'firearms', 'our', 'year', 'concealed', 'guns', 'discover', 'destinations']","['Our TSA Officers discovered 86 firearms in carry-on bags last week. 80 were loaded.', 'Our TSA Officers discovered a record setting 3,957 firearms in carry-on bags in 2017.', 'TSA Officers discovered a record 89 firearms over the last week in carry-on bags.']"
289,54,289_protects_protect_enrollees_enrollment,"['protects', 'protect', 'enrollees', 'enrollment', 'participants', 'protection', 'natca', 'members', 'important', 'announces']","['On June 20, NATCA began an enrollment open season for its popular Unum group long-term disability (LTD) program. The Unum LTD program protects NATCA members and their families with peace of mind in the event they lose their medical or become disabled. LTD insurance can be the most important part of your overall benefits package. \n\nIn 2023, our Union is offering a number of incentives for new enrollees and current plan participants. Learn more about these incentives here. https://www.natca.org/2023/06/26/natca-announces-enrollment-open-season-for-unum-long-term-disability-program/\n\nEnroll today at natcadisability.com.', ""The enrollment open season for NATCA's Unum group long-term disability (LTD) program has been extended! The Unum LTD program protects NATCA members and their families with peace of mind in the event they lose their medical or become disabled. LTD insurance can be the most important part of your overall benefits package. \n\n\ufeffThe open season now ends on Monday, Oct. 2. Enroll today at natcadisability.com.\n\nIn 2023, our Union is offering a number of incentives for new enrollees and current plan participants. Learn more about these incentives here. https://www.natca.org/2023/06/26/natca-announces-enrollment-open-season-for-unum-long-term-disability-program/"", ""Today is the final day of the open enrollment season for NATCA's Unum group long-term disability (LTD) program! The Unum LTD program protects NATCA members and their families with peace of mind in the event they lose their medical or become disabled. LTD insurance can be the most important part of your overall benefits package. \n\nEnroll today at natcadisability.com.\n\nIn 2023, our Union is offering a number of incentives for new enrollees and current plan participants. Learn more about these incentives here. https://www.natca.org/2023/06/26/natca-announces-enrollment-open-season-for-unum-long-term-disability-program""]"
290,54,290_nationalmaplesyrupday_july_celebrate_threekingsday,"['nationalmaplesyrupday', 'july', 'celebrate', 'threekingsday', 'celebrating', '150th', 'birthday', 'date', 'liberty', 'councils']","['Happy Canada Day!', 'Happy Canada Day to all our Canadian brothers and sisters.', 'Happy Canada Day to all of our Canadian sisters and brothers!']"
291,54,291_bipartisaninfrastructurebill_infrastructurenow_partnershipworks_coalition,"['bipartisaninfrastructurebill', 'infrastructurenow', 'partnershipworks', 'coalition', 'bipartisaninfrastructureframework', 'bipartisan', 'infrastructure', 'hospitals', 'unitewebuild', 'republican']","['The #BipartisanInfrastructureFramework is a historic bipartisan infrastructure deal that invests in America’s middle class and rewards work, not wealth. #Michigan', 'The #BipartisanInfrastructureFramework is a historic bipartisan infrastructure deal that invests in America’s middle class and rewards work, not wealth. #Florida', 'The #BipartisanInfrastructureFramework is a historic bipartisan infrastructure deal that invests in America’s middle class and rewards work, not wealth. #California']"
292,53,292_infrastructurenow_bipartisaninfrastructurelaw_union_bipartisaninfrastructureframework,"['infrastructurenow', 'bipartisaninfrastructurelaw', 'union', 'bipartisaninfrastructureframework', 'americawork', 'bipartisan', 'significant', 'prevailingwage', 'aflcio2017', 'supporting']","['#TransportationTuesday - Thank you @POTUS - your HISTORIC Bipartisan Infrastructure Law, which includes STRONG #prevailingwage standards for #construction work will ensure good-paying, family-supporting #UNION jobs for working men and women in Minnesota. #LIUNABuilds #infrastructure #IIJA', '#TransportationTuesday - Thank you @POTUS - your HISTORIC Bipartisan Infrastructure Law, which includes STRONG #prevailingwage standards for #construction work will ensure good-paying, family-supporting #UNION jobs for working men and women in Michigan. #LIUNABuilds #infrastructure #IIJA', '#TransportationTuesday - Thank you @POTUS - your HISTORIC Bipartisan Infrastructure Law, which includes STRONG #prevailingwage standards for #construction work will ensure good-paying, family-supporting #UNION jobs for working men and women in California\n#LIUNABuilds #infrastructure #IIJA']"
293,53,293_meaningful_refugees_deepening_family,"['meaningful', 'refugees', 'deepening', 'family', 'beliefs', 'wishes', 'celebrations', 'beautiful', 'observing', 'peace']","['Eid Mubarak to all those celebrating Eid Al-Fitr!', 'Eid Mubarak to all who are celebrating the conclusion of the month of Ramadan!', 'Eid Mubarak to our union family marking the end of Ramadan today! May you have a happy and blessed Eid Al Fitr!']"
294,53,294_protectallworkers_womenbuildnations_internationalwomensday_iwd2018,"['protectallworkers', 'womenbuildnations', 'internationalwomensday', 'iwd2018', 'workers', 'going', 'leave', 'to', 'crisis', 'paidmaternityleave']","['In 2017, the Iron Workers launched the groundbreaking Maternity Provision Policy, a first-of-its-kind program in the building trades. It offers qualifying ironworker women up to six months of pre-delivery and six to eight weeks of postpartum paid leave, which is rare in the construction industry. #paidmaternityleave https://www.bicmagazine.com/departments/hr/paid-maternity-leave-program-proves-to-increase-retention/', 'The Iron Workers Union broke ground with its paid maternity leave policy 5 years ago. #internationalwomensday2022 #happywomensday #genderequality #IWD2022\n\n""Women ironworkers now enjoy one of the most generous maternity leave programs in the country: Six months of leave prior to delivery and up to eight weeks afterward. While on leave, they receive about two-thirds of their regular weekly income, up to $800 per week. The benefit is available to women who belong to the 130,000-member Iron Workers union of North America. The union worked with IMPACT, a labor-management partnership.""\n\nhttps://www.cbsnews.com/news/want-great-maternity-leave-become-an-ironworker/', 'Iron Workers Union is being recognized as a pioneer for its groundbreaking Paid Maternity Leave Program among business giants like IBM. \n\n""Earlier this year, the Iron Workers announced paid maternity leave, which includes up to six months of pre-delivery benefits and six to eight weeks of post-delivery leave."" http://bit.ly/2nI04cW']"
295,53,295_union_unionplus_members_florist,"['union', 'unionplus', 'members', 'florist', 'boilermakers', 'day', 'fb8', 'discounts', 'https', 'holiday']","['Moms are awesome, so this Mother’s Day, upgrade her gift to a hand-arranged, hand-delivered Teleflora bouquet. Plus, union members save 30% sitewide on flowers, Belgian chocolate-covered treats, and gift baskets. \n\nAFT members can shop Teleflora now: https://unionplus.click/fb8', 'Via Union Plus:\nMoms are awesome, so this Mother’s Day, upgrade her gift to a hand-arranged, hand-delivered Teleflora bouquet. Plus, union members save 30% sitewide on flowers, Belgian chocolate covered treats, and gift baskets. Shop Teleflora now: https://unionplus.click/fb8', 'Spread love this Valentine’s Day and save 30% off stunning flowers, chocolate treats and more from Teleflora! Ends 2/14. https://unionplus.teleflora.com']"
296,53,296_union_farmers_companies_fda,"['union', 'farmers', 'companies', 'fda', 'providers', 'unionplus', 'cardholders', 'policy', 'homeowners', 'counseling']","['Auto insurance savings available to union members like you! Shop multiple insurance quotes from top insurance companies and choose the policies right for you through Farmers Insurance Choice®.', 'Home and auto insurance savings available to union members like you! Access an easy way to shop and save on home and auto insurance from multiple carriers through Farmers Insurance Choice. https://unionplus.click/v0v', 'Auto insurance savings available to union members like you! Shop multiple insurance quotes from top insurance companies and choose the policies right for you through Farmers Insurance Choice®. https://unionplus.click/514']"
297,52,297_unionironworkers_ironworkersvote_union_ironworkersrising,"['unionironworkers', 'ironworkersvote', 'union', 'ironworkersrising', 'ironworkers', 'fireproofers', 'unionstrong', 'ironworker', 'unrepresented', 'organizers']","['Organizing Alert 📣 \n\nIronworkers at Black Iron Reinforcing in Las Vegas, NV have filed for union representation with the District Council of Iron Workers of the State of California & Vicinity. \n\nThey’re fighting for one another on the job, they have each other’s backs, and they’re ready to go all the way with the Iron Workers Union. \n\nCongratulations to these brave ironworkers for standing together to form a union at their company! \n\n#ironworkers #1u  \nIronworkers Rising', ""Brothers and sisters, over the last week we've come to you with a call to action every single day. You know, it is time for our Union to organize like never before!\n\nRight now, This is Our Moment. \n\nThe latest issue of The Ironworker magazine is hitting mailboxes and it lays out, with full transparency, our critical need to organize ironworkers right now.  \n\nWe’re bringing this to you, the members, who are the backbone of this great organization. We’re entering a construction boom like we’ve never seen before, and to meet this moment, we have to organize.  \n\nEvery Ironworker. Every Job. Everywhere. That is who we will organize.  \n\nThis week, we’re going to bring you a series of videos straight from President Dean. These videos will assure you that the need for more Ironworkers is very real, and will lay out what you can do to help organize unrepresented ironworkers.  \n\nHead to our website for the full series. You'll also find the latest issue of The Ironworker with a full write up on Our Moment. Then share these resources with everyone you know!\n\nhttp://ironworkers.org/this-is-our-moment\n\n#Ironworkers #UnionStrong #1u"", 'Ironworkers are organizing everywhere! This is OUR MOMENT! ✊\n#ironworkers #UnionStrong #1u']"
298,52,298_nationalplanavacationday_tickets_org_benefits,"['nationalplanavacationday', 'tickets', 'org', 'benefits', 'signing', 'www', '08', 'theater', 'start', 'win']","['Don\'t forget! UFCW Members can win a $500 gift card just for registering for UFCW LifeMart discounts or by signing into an existing account during the month of March.\n\nEven if you don’t win, you’ll still have access to the amazing benefits your UFCW membership gives you, including savings on important life costs like education as well as discounts on cosmetics, amusement parks, restaurants and other items.\n\nText ""lifemart"" to 698329 for the link to signup!', 'Register for a chance to win $500 in March!\n\nLifeMart, one of the UFCW’s discount programs, is holding a sweepstakes exclusively for UFCW members this month. Members can win a $500 gift card just for registering for UFCW LifeMart discounts or by signing into an existing account:\n\nhttp://www.ufcw.org/2019/03/22/contest/', 'LifeMart, one of the UFCW’s discount programs, is holding a sweepstakes exclusively for UFCW members this August. If you are a UFCW member, you can win a $1000 gift card just for registering for UFCW LifeMart discounts, or by signing into an existing account.\n\nhttp://www.ufcw.org/2018/08/16/sweepstakes/']"
299,51,299_coalition_senate_enacted_senator,"['coalition', 'senate', 'enacted', 'senator', 'workers', 'protectwarehouseworkers', 'legislature', 'teamsters', 'legislation', 'act']","['The South Dakota State Senate held a hearing Tuesday on the Warehouse Worker Protection Act, legislation being pursued in states across the country to rein in dangerous quotas in Amazon warehouses.\n\n“When an Amazon warehouse comes to town, injuries go up and wages go down,” said Tom Erickson, President of Teamsters Local 120 and Director of the Teamsters Warehouse Division. “Our union is fighting for good jobs for all warehouse workers, and we will hold Amazon accountable for its unsafe, secret quotas.”\n\nIn Amazon warehouses, workers race against an invisible clock as they hope to meet the company’s secret quotas, leading to injuries. The legislation would require Amazon and other major warehouse companies to provide workers with a copy of any quotas and ensure that quotas do not interfere with legally protected breaks. Similar laws have already been enacted in California and New York and have been introduced in six other states so far this year. Click below to read more...', 'Amazon has been fined for violating safety regulations in Minnesota that the Teamsters Union fought for and won in the state’s warehouse quota law.\n \nOSHA cited the company for two infractions at its warehouse in Shakopee, MN, including failing to protect workers from ergonomic hazards and not providing employees with written quotas. The Teamsters and other community allies secured protections for warehouse workers in Minnesota as part of the union’s wider push to win state and federal legislation to combat Amazon’s abusive treatment of warehouse workers.\n \nBy forcing its workers to comply with arbitrary and unrealistic production quotas, Amazon has caused on-the-job injury rates to skyrocket. The recently introduced federal Warehouse Worker Protection Act supported by the Teamsters would require large warehouse employers to disclose quotas to workers and prevent those quotas from interfering with workers’ health and safety. It would also direct the Department of Labor to create new rules requiring safe warehouse design.\n \nThe Teamsters have advanced the Warehouse Worker Protection Act in state legislatures where it is now the law in California, New York, Oregon, Washington, and Minnesota. It has also been introduced in more than a dozen other states. The Washington state warehouse worker protection law goes into effect yesterday.', 'TEAMSTERS AND MEMBERS OF CONGRESS TAKE ON THE AMAZON SAFETY CRISIS\n\nTeamsters leaders and Amazon workers joined with Senator Edward J. Markey (D-MA) and U.S. Senator Tina Smith (D-MN) today to announce the introduction of legislation in the U.S. Senate that would hold Amazon accountable for its dangerous safety practices and abusive production quotas. The Warehouse Worker Protection Act is sponsored by Senator Markey, Senator Smith, and U.S. Senator Bob Casey (D-PA); a bipartisan House version of the bill will also be introduced in the coming weeks.\n\nThe Warehouse Worker Protection Act would safeguard workers from the most extreme quotas used by companies like Amazon. It would require large warehouse employers to disclose quotas to workers and prevent those quotas from interfering with workers’ health and safety, such as rest and bathroom breaks. Companies would no longer be able to discipline warehouse workers based solely on their work speed relative to other employees. It would also direct the Department of Labor to create new rules requiring safe warehouse design and ensuring injured workers have access to qualified outside doctors.\n\nBy forcing its workers to comply with arbitrary and unrealistic production quotas, Amazon has caused on-the-job injury rates to skyrocket and turned what should be middle-class careers into dangerous jobs with high turnover and low wages. Injury rates at Amazon facilities are 76 percent higher than the rest of the warehouse industry. The Occupational Safety and Health Administration has repeatedly cited Amazon for dangerous warehouse practices in recent years.\n\nAmazon workers are organizing with the Teamsters Union to demand industry standards that put workers’ lives and safety ahead of corporate profits. Today’s federal introduction follows years of action by the Teamsters to advance the Warehouse Worker Protection Act in state legislatures. It is now law in California, New York, Oregon, Washington, and Minnesota, and has been introduced in more than a dozen other states.\n\n“Amazon and other abusive warehouse employers are squeezing their workers for every penny of profit, leaving behind tired and broken bodies,” said Teamsters General President Sean M. O’Brien. “These corporate criminals are destroying good jobs in an industry that once supported a strong middle class. But one thing stands in their way—that’s the Teamsters Union, along with lawmakers who understand what’s at stake. It’s time to pass the Warehouse Worker Protection Act and put workers’ safety over corporate profits.”\n\n“You don’t have to choose between running a profitable business and treating your workers with respect,” said Teamsters Warehouse Division Director Tom Erickson. “Production speeds at Teamsters-represented warehouses are safe, transparent, and negotiated in a contract. We need to pass the Warehouse Worker Protection Act so all warehouses in this country will be held to the same high standard.”\n\n“I’ve suffered two serious injuries in my year working at Amazon and they could have been prevented if this common-sense law were in place,” said Keith Williams, an Amazon warehouse worker at SWF1 in Rock Tavern, New York. “Amazon uses quotas to push us to work faster than is safe and if you can’t keep up, you’re fired. My co-workers and I are organizing with the support of the Teamsters to secure the safe jobs and fair pay that all workers deserve.”\n\n(https://teamster.org/2024/05/teamsters-and-members-of-congress-take-on-the-amazon-safety-crisis/)']"
300,51,300_unions4allnow_workers_employers_employees,"['unions4allnow', 'workers', 'employers', 'employees', 'labor', 'wages', 'respectprotectpay', 'work', 'wage', 'jobs']","['￼￼￼It’s not a labor shortage, it’s a wage shortage! 💰', ""There isn't a labor shortage, there's a good-union-jobs shortage."", '✊🏿✊🏾✊🏽✊🏼 There is no “labor shortage.” There’s a wage shortage and we’re demanding a living wage for our labor!']"
301,51,301_workers_supportssworkers_supportstopandshopworkers_stopandshopworkers,"['workers', 'supportssworkers', 'supportstopandshopworkers', 'stopandshopworkers', 'petition', 'strike', 'hardworking', 'supporters', 'support', 'signing']","['Early this afternoon, United Food and Commercial Workers International Union members from five New England Locals walked out of their stores at Stop & Shop.\n\nStop & Shop workers help New England families put food on the table and keep our communities strong, but now they are facing big cuts to health care and take-home pay. Please stand with them by signing their petition here: http://bit.ly/supportSSworkers', 'Teamsters stand with our brothers and sisters at Stop & Shop on strike! 31,000 United Food and Commercial Workers International Union members at 249 Stop & Shop stores in New England have gone on strike for good healthcare and a better life.\n\nSign the petition to show your support: http://supportstopandshopworkers.com \n#StopandShopStrike', 'We stand in #solidarity with Stop and Shop workers!']"
302,50,302_workers_solidarity_strike_employeed,"['workers', 'solidarity', 'strike', 'employeed', 'may5events', 'congresswoman', 'corporate', 'may5', 'cwa', 'jobs']","['UMWA brothers and sisters out supporting striking Verizon workers in W.Va. Stand Up to Verizon', ""Utility Workers Union of America out supporting their brothers and sisters on the Verizon picket line! Let's all Stand Up to Verizon! #UWUA #IBEW #CWA #VerizonStrike"", 'This week Verizon workers on strike held a national Day of Action. Teamsters around the country took part in solidarity with our 39,000 union brothers and sisters on the picket line fighting against corporate greed and for a fair contract. Here are just a few photos of Teamsters standing strong with Verizon strikers... #VerizonStrike Stand Up to Verizon']"
303,50,303_artsadvocacyday_representatives_unitedforthearts_congress,"['artsadvocacyday', 'representatives', 'unitedforthearts', 'congress', 'support', 'actionnetwork', 'representative', 'congressperson', 'jobs', 'appropriations']","['The National Endowment for the Arts and the National Endowment for the Humanities not only invest in artists and performing arts venues, but they also provide job opportunities for some of our IATSE brothers and sisters.\n\nYet just last month, President Trump called for the elimination of these federal programs, citing “no meaningful impact.”\n\nIn a huge win for IATSE members and the arts community, yesterday the U.S. House Interior Appropriations Subcommittee approved its funding bill for the 2020 fiscal year, which included $167.5 million each for the National Endowment for the Arts and the National Endowment for the Humanities, $12.5 million more than the current funding level.\n\nHowever, the bill still has a ways to go before it becomes law. Call your member of congress at 844-899-9913 and tell them to FULLY FUND the NEA and the NEH!', 'GREAT NEWS: Thanks to musicians joining together to demand our elected leaders support the arts, a budget was passed at 12:39 a.m. that maintains funding for the Corporation for Public Broadcasting and INCREASES funding for the National Endowment for the Arts (NEA) and the National Endowment for the Humanities (NEH).', 'Make sure your Congressional representatives know that you support increased funding for the National Endowment for the Arts and the National Endowment for the Humanities. \n\nThe NEA and NEH are critical to the recovery of the arts and entertainment industries. The NEA and NEH support job opportunities for union members in every state, as well as for local economies devastated by the COVID-19 pandemic. An NEA study found that the arts sector shrank twice as much as the rest of the economy during the pandemic.\n\nRight now, decisions are being made in Congress that will affect next year’s funding for the NEA and the NEH. We can increase NEA and NEH funding to $204 million next year if there is enough support in Congress.\n\nJoin us in urging Congress to invest in the arts.']"
304,50,304_congress_welders_gov_governor,"['congress', 'welders', 'gov', 'governor', 'infrastructure', 'pipeline', 'bills', 'state', 'fla', 'project']","[""The Flint water crisis is a man-made disaster that goes right back to Michigan Governor Rick Snyder's office.  Join us in Lansing on Tuesday, January 19, during his State of the State speech to let him know we demand justice for Flint.  #Flintwatercrisis"", 'Gov. Snyder and the Michigan Legislature’s response to the Flint Water Crisis has been slow and inadequate. Flint families need clean and safe drinking water ASAP. Sign the petition demanding that Gov. Snyder & state legislators craft a budget that puts families first.  http://bit.ly/1R16xEO\n#FlintWaterCrisis', ""Governor Rick Snyder was in Washington DC today for a hearing on the #FlintWaterCrisis. Unions, Flint residents and activists were out in force demanding the Governor and Congress make Flint families a top priority by fixing the pipes and providing full reimbursement to those exposed to poisoned water. Earlier this week, General President Hoffa wrote about the Flint crisis and why more water problems beyond Flint point to the urgent need to repair America's water infrastructure: http://ibt.io/flint-hp. \nTell Gov. Snyder and Congress to put Flint families first: http://ibt.io/flint1st""]"
305,50,305_laborrightsweek_unionsforall_workers_wages,"['laborrightsweek', 'unionsforall', 'workers', 'wages', 'protesters', 'unions', 'republicans', 'respectprotectpay', 'worker', 'gov']","[""According to new polls, Trump's much vaunted support among  union members is quickly diminishing. Why? \n\nAs the general election draws nearer, working people are beginning to pay close attention to the candidates and their respective records. Beyond his frequently ignorant and divisive rhetoric, Trump's record is becoming more widely known. We have learned of Trump's long history of stiffing working men and women--especially waiters, painters, carpenters and contractors. We have learned of the  dozens of lawsuits that continue to follow Trump, and of his consistent record of giving himself a golden parachute while leaving working people to suffer for his bad business decisions. \n\nTrump's union support is diminishing because working people know a con man when they see one. #nevertrump #1u #uwua #werewithher"", ""To Wisconsin Gov. Scott Walker, America's labor union members are the same as murderous, beheading, caged-prisoner-immolating ISIS terrorists. Exactly the same. That sums up all the GOP hate and vitriol against labor union members in recent years. It would appear that Republicans can't discern the difference between suicide bombers and working men and women who band together to collectively bargain for better wages and safer conditions.  Our members are Workers, Not Terrorist.  Read more from President Gerard’s blog here: http://bit.ly/1EKbywk #USWWorks"", 'Statement on Scott Walker\'s comparison of labor protesters to ISIS by Jim Tucciarelli, District Council 37, Local 1320, Senior Sewage Treatment Worker, New York City:\n\n""Put simply, it\'s disgusting to hear Scott Walker compare the 100,000 hard-working men, women, senior citizens and children who came out to protest in Wisconsin to the terrorists of ISIS. In Wisconsin, my sisters and brothers from across the country stood up peacefully for freedom. The protesters were members of the military, police officers, firefighters, and first responders. They were librarians, teachers and nurses. How desperate do you have to be as a politician to compare those folks to murderous terrorists?\n\n""Our union\'s building was a block away when the Twin Towers fell on 9/11. I have friends who died on that terrible day. In the weeks that followed, union members worked tirelessly to bring the city back, and I am proud to have been one of them.\n\n""Governor Walker, I know terrorism. I know that your own state\'s citizens speaking up for what\'s right isn\'t terrorism. Today, after hearing your words, I also know the sound of cowardice.""']"
306,50,306_workers_essentialworkers_laborweek2020_workplaces,"['workers', 'essentialworkers', 'laborweek2020', 'workplaces', 'worker', 'workplace', 'assemblymember', 'contracting', 'enforceable', 'safety']","['Hey New Yorkers: did you know that the #NYHeroAct gives workers in private sector workplaces with 10+ employees the right to create worker committees with their employers to address any workplace health and safety issue policy, not just issues concerning Covid-19? Learn more: https://protectnyheroes.org/NY-HERO-Know-Your-Rights #ProtectNYHeroes', 'Today, RWDSU President <redacted_mention> thanked Senator Michael Gianaris, Hon. Karines Reyes, RN, and all our allies who fought to create enforceable safety standards - including an airborne infectious disease standard - for frontline workers across NY. We call on Governor Andrew Cuomo to sign the #NYHeroAct swiftly into law! ""Workers are the experts, and must be empowered through health and safety committees to keep their workplaces safe."" #ProtectNYHeroes #1u', '“The #NYHEROAct will provide the enforceable standards that workers and communities need to stay safe. Senator Michael Gianaris, Hon. Karines Reyes, RN, and many allies in Albany have championed this bill and given a voice to workers when they needed it most"" -<redacted_mention>\n\nWe look forward to the NY HERO Act being signed into law! #ProtectNYHeroes #1u']"
307,50,307_steelworkersforjoe_members_partners_publication,"['steelworkersforjoe', 'members', 'partners', 'publication', '2019', 'new', 'veterans', 'journal', 'rrd', 'services']","[""The new issue of the SMART Members' Journal is now available online:  http://digitaledition.themosaicteam.com/view/mosaic-smart/smart/winter-2020-2021"", ""The new issue of the SMART Members' Journal is available online:  http://digitaledition.themosaicteam.com/view/mosaic-smart/smart/winter-2019-2020"", ""New issue of the SMART Members' Journal is available online. http://digitaledition.themosaicteam.com/view/mosaic-smart/smart/winter-2019""]"
308,50,308_transportworkersunion_committee_organizingforchange_uswcares,"['transportworkersunion', 'committee', 'organizingforchange', 'uswcares', 'workshops', 'council', 'legislative', 'members', 'sullivan', 'meeting']","[""It's #FLOC Conference Day 1 in Dallas: The TWU Future Leaders Organizing Committee (FLOC) Young and New Worker Committee is holding a workshop on effective communication this morning #FLOCItUp #TWUFLOC"", ""The TWU Future Leaders Organizing Committee meeting is underway in Washington, DC! Room and agenda are packed...let's go. #flocitup #twufloc #1u"", 'Day 2 of our TWU Future Leaders Organizing Committee meeting is underway! Members are participating in a Mock Arbitration workshop this morning in Washington, DC. #FLOCItUp\n#TWUFLOC #1u']"
